Submission id,Participant id,Status,Custom study tncs accepted at,Started at,Completed at,Reviewed at,Archived at,Time taken,Completion code,Total approvals,Vision,Current education level,Fluent languages,Age,Sex,Ethnicity simplified,Country of birth,Country of residence,Nationality,Language,Student status,Employment status
66c6c3038a33283f5c5a24af,6455490f7c5f35e4221a810a,RETURNED,Not Applicable,2024-08-22T04:59:12.999000Z,,,2024-08-22T13:16:03.638002Z,,,260,CONSENT_REVOKED,CONSENT_REVOKED,CONSENT_REVOKED,CONSENT_REVOKED,CONSENT_REVOKED,CONSENT_REVOKED,CONSENT_REVOKED,CONSENT_REVOKED,CONSENT_REVOKED,CONSENT_REVOKED,CONSENT_REVOKED,CONSENT_REVOKED
66c6c308e696fd50be05ac89,612bde3f08ed524fa47c2ac2,APPROVED,Not Applicable,2024-08-22T04:50:48.256000Z,2024-08-22T05:18:14.452000Z,2024-08-22T19:13:32.642000Z,2024-08-22T05:18:15.217278Z,1647.0,CWG3GR62,397,Yes,Undergraduate degree (BA/BSc/other),English,31,Female,Black,South Africa,South Africa,South Africa,English,Yes,Part-Time
66c6c311d88ff2690f684a01,616e34216f67f7138df5ccbb,APPROVED,Not Applicable,2024-08-22T04:48:17.312000Z,2024-08-22T05:15:52.724000Z,2024-08-22T13:18:33.175000Z,2024-08-22T05:17:39.825943Z,1656.0,CWG3GR62,293,Yes,Undergraduate degree (BA/BSc/other),"Spanish, English",22,Male,Other,Mexico,Mexico,Mexico,Spanish,Yes,Unemployed (and job seeking)
66c6c3137b1c32e152eb4e97,668442de104a624f7ca29545,APPROVED,Not Applicable,2024-08-22T04:48:26.599000Z,2024-08-22T05:26:05.404000Z,2024-08-22T19:13:33.319000Z,2024-08-22T05:28:30.293581Z,2259.0,CWG3GR62,34,Yes,Undergraduate degree (BA/BSc/other),"English, Other",21,Male,White,South Africa,South Africa,South Africa,English,Yes,DATA_EXPIRED
66c6c31ff7fe556e1c7bdb04,665880773ddb5ce956357b56,RETURNED,Not Applicable,2024-08-22T04:48:48.758000Z,,,2024-08-22T13:16:03.651154Z,,,33,CONSENT_REVOKED,CONSENT_REVOKED,CONSENT_REVOKED,CONSENT_REVOKED,CONSENT_REVOKED,CONSENT_REVOKED,CONSENT_REVOKED,CONSENT_REVOKED,CONSENT_REVOKED,CONSENT_REVOKED,CONSENT_REVOKED,CONSENT_REVOKED
66c6c3501028b3ba23fa2059,66b78337b570220f95403488,REJECTED,Not Applicable,2024-08-22T04:49:27.010000Z,2024-08-22T05:10:47.529000Z,2024-08-22T18:37:15.645000Z,2024-08-22T21:11:36.377146Z,1281.0,CWG3GR62,1,CONSENT_REVOKED,CONSENT_REVOKED,CONSENT_REVOKED,CONSENT_REVOKED,CONSENT_REVOKED,CONSENT_REVOKED,CONSENT_REVOKED,CONSENT_REVOKED,CONSENT_REVOKED,CONSENT_REVOKED,CONSENT_REVOKED,CONSENT_REVOKED
66c6c5af87569908810102e1,659b2f24f5e647dbf11a4e0c,APPROVED,Not Applicable,2024-08-22T04:59:34.917000Z,2024-08-22T05:17:51.899000Z,2024-08-22T19:13:33.890000Z,2024-08-22T05:18:06.214330Z,1097.0,CWG3GR62,157,Yes,Undergraduate degree (BA/BSc/other),"English, Spanish",43,Male,Other,"Venezuela, Bolivarian Republic of",Australia,Australia,Spanish,Yes,Full-Time
66c6c9f2ec2d676077541904,6166e283ad10722d3fb0f62c,RETURNED,Not Applicable,2024-08-22T05:25:07.667000Z,,,2024-08-22T13:16:03.805498Z,,,52,CONSENT_REVOKED,CONSENT_REVOKED,CONSENT_REVOKED,CONSENT_REVOKED,CONSENT_REVOKED,CONSENT_REVOKED,CONSENT_REVOKED,CONSENT_REVOKED,CONSENT_REVOKED,CONSENT_REVOKED,CONSENT_REVOKED,CONSENT_REVOKED
66c6c9f62fe4bebd4e309724,60cb10ff93de409c6b1a6a0e,APPROVED,Not Applicable,2024-08-22T05:24:13.387000Z,2024-08-22T05:50:36.322000Z,2024-08-22T19:13:34.734000Z,2024-08-22T05:50:37.022606Z,1583.0,CWG3GR62,673,Yes,Doctorate degree (PhD/other),"English, Polish",27,Female,White,Poland,Poland,Poland,Polish,Yes,Full-Time
66c6c9f73e12f6bc28635a60,59375ce2c031c60001657bc5,APPROVED,Not Applicable,2024-08-22T05:17:53.672000Z,2024-08-22T05:37:59.563000Z,2024-08-22T19:13:35.161000Z,2024-08-22T05:38:42.382661Z,1206.0,CWG3GR62,141,Yes,Undergraduate degree (BA/BSc/other),English,27,Male,Asian,Canada,Canada,Vietnam,English,Yes,Unemployed (and job seeking)
66c6c9f8e9b17f8c4948843b,664b332b54c36eaab8bcb457,APPROVED,Not Applicable,2024-08-22T05:17:49.412000Z,2024-08-22T06:00:02.221000Z,2024-08-22T19:13:36.007000Z,2024-08-22T06:00:03.255913Z,2533.0,CWG3GR62,38,Yes,Technical/community college,English,31,Male,Black,Kenya,Kenya,Kenya,English,Yes,Unemployed (and job seeking)
66c6c9fccef3791ab279fcf2,66a3faea0af5d6fb068bea1c,APPROVED,Not Applicable,2024-08-22T05:17:58.650000Z,2024-08-22T05:34:11.195000Z,2024-08-22T19:13:36.788000Z,2024-08-22T05:34:11.830454Z,973.0,CWG3GR62,19,Yes,Undergraduate degree (BA/BSc/other),"Czech, Chinese, Danish, Dutch, English, Esperanto, Finnish, French, German, Greek, Italian, Inuktitut, Indonesian, Icelandic, Japanese, Khmer, Korean, Kurdish, Laotian, Latvian, Lappish, Lithuanian, Macedonian, Malay, Maltese, Nepali, Norwegian, Pashto, Polish, Portuguese, Romanian, Russian, Scots, Serbian, Slovak, Slovenian, Somali, Spanish, Swedish, Swahili, Tagalog-Filipino, Tajik, Tamil, Thai, Tibetan, Tigrinya, Tongan, Turkish, Turkmen, Ukrainian, Urdu, Uzbek, Welsh, Vietnamese, Telugu, Papiamento, Twi, Cantonese, Mandarin, Hakka, Malayalam, Gujarati, Punjabi, Faroese, Farsi, Gaelic, Galician, Estonian, Dzongkha, Dari, Croatian, Catalan, Bulgarian, Afrikaans, Arabic",39,Female,Black,South Africa,South Africa,South Africa,English,Yes,Full-Time
66c6c9fcf7fe556e1c7bdbd5,60a1aed92723ad6ac410c99a,APPROVED,Not Applicable,2024-08-22T05:18:28.453000Z,2024-08-22T05:41:33.383000Z,2024-08-22T19:13:37.494000Z,2024-08-22T05:41:34.094531Z,1385.0,CWG3GR62,99,Yes,Undergraduate degree (BA/BSc/other),"Chinese, English",23,Female,Asian,China,Canada,Canada,Chinese,Yes,Other
66c6c9fd80de9b1bcd6477c2,65faee440578e47facaf0488,APPROVED,Not Applicable,2024-08-22T05:17:49.676000Z,2024-08-22T05:47:33.851000Z,2024-08-22T19:13:38.164000Z,2024-08-22T05:48:40.260535Z,1785.0,CWG3GR62,78,Yes,Undergraduate degree (BA/BSc/other),English,27,Male,Black,Kenya,Kenya,Kenya,English,Yes,Full-Time
66c6c9fe17f7f0cde631eef3,604b2da4f24a3d7a227553a0,APPROVED,Not Applicable,2024-08-22T05:17:57.444000Z,2024-08-22T05:44:10.852000Z,2024-08-22T19:13:38.844000Z,2024-08-22T05:44:11.290157Z,1574.0,CWG3GR62,767,Yes,Undergraduate degree (BA/BSc/other),"Afrikaans, English",30,Male,Other,South Africa,South Africa,South Africa,English,Yes,Part-Time
66c6c9fea69225b2902c1759,60cd99f1d0df72833ad4346a,APPROVED,Not Applicable,2024-08-22T05:18:26.647000Z,2024-08-22T05:51:23.827000Z,2024-08-22T19:13:40.093000Z,2024-08-22T05:51:24.591417Z,1978.0,CWG3GR62,268,Yes,Undergraduate degree (BA/BSc/other),English,22,Female,Black,South Africa,South Africa,South Africa,English,Yes,Part-Time
66c6ca02368a77231b9e2ac5,614b9cf9b25cadec95eefee0,RETURNED,Not Applicable,2024-08-22T05:18:36.004000Z,,,2024-08-22T13:16:03.900581Z,,,281,CONSENT_REVOKED,CONSENT_REVOKED,CONSENT_REVOKED,CONSENT_REVOKED,CONSENT_REVOKED,CONSENT_REVOKED,CONSENT_REVOKED,CONSENT_REVOKED,CONSENT_REVOKED,CONSENT_REVOKED,CONSENT_REVOKED,CONSENT_REVOKED
66c6ca031e566f668f2677e1,669d8e51891dd5278ef55fd0,APPROVED,Not Applicable,2024-08-22T05:18:06.603000Z,2024-08-22T06:03:36.144000Z,2024-08-22T19:18:36.724000Z,2024-08-22T06:03:59.183871Z,2730.0,CWG3GR62,13,Yes,Technical/community college,"Afrikaans, Czech, Danish, Dutch, English, Finnish, French, German, Italian, Portuguese, Spanish",26,Female,Black,South Africa,South Africa,South Africa,English,Yes,Unemployed (and job seeking)
66c6ca0503223fae41925b01,6163ef501a62937a722c26f6,APPROVED,Not Applicable,2024-08-22T05:18:04.049000Z,2024-08-22T05:52:05.006000Z,2024-08-22T19:18:37.138000Z,2024-08-22T05:52:05.750585Z,2041.0,CWG3GR62,69,Yes,Undergraduate degree (BA/BSc/other),"Afrikaans, English, Portuguese, Russian",26,Female,Black,South Africa,South Africa,South Africa,English,Yes,Part-Time
66c6ca056b61aa51a15a42e5,660558cab219cf2f5e89fd1c,RETURNED,Not Applicable,2024-08-22T05:19:28.229000Z,,,2024-08-22T13:16:03.957168Z,,,57,CONSENT_REVOKED,CONSENT_REVOKED,CONSENT_REVOKED,CONSENT_REVOKED,CONSENT_REVOKED,CONSENT_REVOKED,CONSENT_REVOKED,CONSENT_REVOKED,CONSENT_REVOKED,CONSENT_REVOKED,CONSENT_REVOKED,CONSENT_REVOKED
66c6ca07e1e80268521ccb38,6124ce8352f12920a238d3fb,APPROVED,Not Applicable,2024-08-22T05:18:30.070000Z,2024-08-22T05:36:02.966000Z,2024-08-22T19:18:37.412000Z,2024-08-22T05:38:17.061786Z,1053.0,CWG3GR62,322,Yes,Graduate degree (MA/MSc/MPhil/other),English,25,Female,Black,South Africa,South Africa,South Africa,English,Yes,Full-Time
66c6ca081028b3ba23fa210d,658515c89b707b99eecaf3d4,RETURNED,Not Applicable,2024-08-22T05:18:05.764000Z,,,2024-08-22T13:16:03.973946Z,,,108,CONSENT_REVOKED,CONSENT_REVOKED,CONSENT_REVOKED,CONSENT_REVOKED,CONSENT_REVOKED,CONSENT_REVOKED,CONSENT_REVOKED,CONSENT_REVOKED,CONSENT_REVOKED,CONSENT_REVOKED,CONSENT_REVOKED,CONSENT_REVOKED
66c6ca919c95d07b8aac2a5a,66c1748120282442ca054c79,RETURNED,Not Applicable,2024-08-22T05:20:36.371000Z,,,2024-08-22T13:16:04.046501Z,,,1,CONSENT_REVOKED,CONSENT_REVOKED,CONSENT_REVOKED,CONSENT_REVOKED,CONSENT_REVOKED,CONSENT_REVOKED,CONSENT_REVOKED,CONSENT_REVOKED,CONSENT_REVOKED,CONSENT_REVOKED,CONSENT_REVOKED,CONSENT_REVOKED
66c6cb0cfeb41c71571a9cb0,65e485a82ad11017a7f77cea,APPROVED,Not Applicable,2024-08-22T05:26:22.460000Z,2024-08-22T06:01:06.820000Z,2024-08-22T19:18:37.688000Z,2024-08-22T06:01:13.012139Z,2085.0,CWG3GR62,61,Yes,Graduate degree (MA/MSc/MPhil/other),"English, Finnish, Portuguese",29,Female,Black,South Africa,South Africa,South Africa,English,Yes,Full-Time
66c6cf743db420f26203f951,669aaa2099ce117665d8dc0b,APPROVED,Not Applicable,2024-08-22T05:42:25.617000Z,2024-08-22T06:26:11.231000Z,2024-08-22T19:18:38.001000Z,2024-08-22T06:26:11.884471Z,2626.0,CWG3GR62,19,Yes,Undergraduate degree (BA/BSc/other),"English, Spanish",19,Male,Other,Mexico,Mexico,Mexico,Spanish,Yes,Unemployed (and job seeking)
66c6cf9ea69225b2902c1837,664ec6324953ad3e535af22a,APPROVED,Not Applicable,2024-08-22T05:42:36.998000Z,2024-08-22T06:11:21.548000Z,2024-08-22T19:18:38.327000Z,2024-08-22T06:11:23.434606Z,1725.0,CWG3GR62,41,Yes,Graduate degree (MA/MSc/MPhil/other),"Spanish, English",25,Male,White,Chile,Chile,Chile,Spanish,Yes,Due to start a new job within the next month
66c6d339ac1c15f4872eec57,6661e3435d2645ebabbb4c09,APPROVED,Not Applicable,2024-08-22T05:57:35.453000Z,2024-08-22T06:32:32.550000Z,2024-08-22T19:18:38.638000Z,2024-08-22T06:33:34.875059Z,2098.0,CWG3GR62,34,Yes,Graduate degree (MA/MSc/MPhil/other),"Spanish, English",21,Male,Other,Mexico,Mexico,Mexico,Spanish,No,Part-Time
66c6ec24691b0a0d164fc466,60bf28df4926a8b6391df575,APPROVED,Not Applicable,2024-08-22T07:44:42.655000Z,2024-08-22T08:07:18.750000Z,2024-08-22T19:18:38.961000Z,2024-08-22T08:08:32.027730Z,1357.0,CWG3GR62,1256,Yes,Undergraduate degree (BA/BSc/other),"English, Polish",22,Male,White,Poland,Poland,Poland,English,Yes,Full-Time
66c6ec261028b3ba23fa2538,65fb32035a77525fe4011f13,APPROVED,Not Applicable,2024-08-22T07:44:39.248000Z,2024-08-22T08:13:30.271000Z,2024-08-22T19:18:39.206000Z,2024-08-22T08:13:30.887573Z,1732.0,CWG3GR62,142,Yes,Undergraduate degree (BA/BSc/other),"English, Swahili",20,Female,Black,Kenya,Kenya,Kenya,English,Yes,Full-Time
66c6ec289e859d011db5e6f7,654505552ee0cd0f4aa3974e,APPROVED,Not Applicable,2024-08-22T07:45:17.024000Z,2024-08-22T08:16:49.567000Z,2024-08-22T19:18:39.440000Z,2024-08-22T08:16:59.089979Z,1893.0,CWG3GR62,205,Yes,Technical/community college,"English, French",34,Female,Black,France,France,France,French,Yes,Other
66c6ec2ad79879039ff35a5d,5fef891f9bf07d29c1ee7bfe,APPROVED,Not Applicable,2024-08-22T07:44:19.932000Z,2024-08-22T08:04:58.988000Z,2024-08-22T19:18:39.772000Z,2024-08-22T08:08:24.372273Z,1240.0,CWG3GR62,1232,Yes,Doctorate degree (PhD/other),"English, German, French",24,Male,White,Germany,Germany,Germany,German,Yes,Full-Time
66c6ec2de0cda93b434fc954,615ae7b12fccd1577fce0ee2,APPROVED,Not Applicable,2024-08-22T07:45:38.650000Z,2024-08-22T08:16:11.782000Z,2024-08-22T19:18:40.561000Z,2024-08-22T08:16:15.792689Z,1834.0,CWG3GR62,81,Yes,Undergraduate degree (BA/BSc/other),English,19,Female,Black,South Africa,South Africa,South Africa,Other,Yes,Other
66c6ec2ef494f512a3f2f5de,5ad5b79ce704600001542ec7,APPROVED,Not Applicable,2024-08-22T07:43:46.124000Z,2024-08-22T08:08:25.460000Z,2024-08-22T19:18:40.840000Z,2024-08-22T08:08:32.959467Z,1480.0,CWG3GR62,388,Yes,Graduate degree (MA/MSc/MPhil/other),"English, Afrikaans",34,Male,Asian,South Africa,South Africa,South Africa,English,Yes,Full-Time
66c6ec2f1bd710a756afdee2,6671915529465459e8c75227,APPROVED,Not Applicable,2024-08-22T07:44:59.501000Z,2024-08-22T08:09:13.310000Z,2024-08-22T19:18:41.122000Z,2024-08-22T08:09:14.317094Z,1454.0,CWG3GR62,24,Yes,Undergraduate degree (BA/BSc/other),English,28,Female,Black,South Africa,South Africa,South Africa,English,Yes,Full-Time
66c6ec300599adcc424d6bcc,616934a454cf1f0e21721134,APPROVED,Not Applicable,2024-08-22T07:44:58.208000Z,2024-08-22T08:07:13.386000Z,2024-08-22T19:18:41.426000Z,2024-08-22T10:57:15.724836Z,1336.0,CWG3GR62,322,Yes,Graduate degree (MA/MSc/MPhil/other),"Afrikaans, English",26,Male,Other,South Africa,South Africa,South Africa,English,Yes,Full-Time
66c6ec30b998c4c6da6c02c9,60bbc368a316ee5421a1153b,APPROVED,Not Applicable,2024-08-22T07:43:52.705000Z,2024-08-22T08:13:38.778000Z,2024-08-22T19:18:41.770000Z,2024-08-22T08:13:39.511361Z,1787.0,CWG3GR62,920,Yes,Graduate degree (MA/MSc/MPhil/other),English,30,Male,Black,South Africa,South Africa,South Africa,English,Yes,Full-Time
66c6ec31e696fd50be05b1c6,60f06a479c4f3ec0a536d40a,APPROVED,Not Applicable,2024-08-22T07:44:57.920000Z,2024-08-22T07:55:53.747000Z,2024-08-22T19:18:42.245000Z,2024-08-22T07:57:19.321473Z,656.0,CWG3GR62,959,Yes,Graduate degree (MA/MSc/MPhil/other),"English, Polish",23,Male,White,Poland,Poland,Poland,Polish,Yes,Unemployed (and job seeking)
66c7033c45884fd21b67a55c,5d9961ca1abbe703674a027e,APPROVED,Not Applicable,2024-08-22T09:26:45.419000Z,2024-08-22T09:53:16.619000Z,2024-08-22T19:18:42.535000Z,2024-08-22T09:55:11.363630Z,1592.0,CWG3GR62,157,Yes,Graduate degree (MA/MSc/MPhil/other),"Greek, English",28,Male,White,Greece,Greece,Greece,Greek,Yes,Full-Time
66c7033ea02615c3be8eebdb,65dcddf73df41cde066da638,APPROVED,Not Applicable,2024-08-22T09:22:35.986000Z,2024-08-22T09:44:30.182000Z,2024-08-22T19:18:42.801000Z,2024-08-22T09:45:17.099113Z,1315.0,CWG3GR62,189,Yes,Undergraduate degree (BA/BSc/other),"English, Vietnamese",19,Male,Asian,Vietnam,Netherlands,Vietnam,Vietnamese,Yes,Other
66c7033f342c32fadc7e0a90,660678406bba1ade08345803,APPROVED,Not Applicable,2024-08-22T09:25:29.091000Z,2024-08-22T09:46:51.449000Z,2024-08-22T19:18:43.036000Z,2024-08-22T09:46:52.113187Z,1283.0,CWG3GR62,78,Yes,Undergraduate degree (BA/BSc/other),"Croatian, English, Serbian",22,Male,White,Croatia,Croatia,Croatia,Croatian,Yes,Other
66c7033f6f255f9a7c9c4524,663a2a961b267607be722eba,APPROVED,Not Applicable,2024-08-22T09:22:35.608000Z,2024-08-22T09:51:20.981000Z,2024-08-22T19:18:43.440000Z,2024-08-22T09:51:21.625910Z,1726.0,CWG3GR62,134,Yes,Undergraduate degree (BA/BSc/other),English,18,Female,White,United Kingdom,United Kingdom,United Kingdom,English,Yes,Other
66c7033fa91cbdd7637775da,6668538de855b5f9bc7d3a09,APPROVED,Not Applicable,2024-08-22T09:22:11.709000Z,2024-08-22T09:59:19.686000Z,2024-08-22T19:11:01.539000Z,2024-08-22T21:11:36.391520Z,2228.0,NOCODE,38,Yes,Undergraduate degree (BA/BSc/other),English,27,Female,Black,South Africa,South Africa,South Africa,English,Yes,Full-Time
66c7034002ef685e1ad0d46e,6658b97a550b0dbb23385b16,APPROVED,Not Applicable,2024-08-22T09:23:10.492000Z,2024-08-22T09:36:48.721000Z,2024-08-22T19:18:43.684000Z,2024-08-22T09:36:49.374074Z,819.0,CWG3GR62,152,Yes,Undergraduate degree (BA/BSc/other),"English, Polish",32,Female,White,Poland,United Kingdom,Poland,Polish,Yes,Full-Time
66c70340bae70391442ea8a7,613ee5c73de62443db76d074,APPROVED,Not Applicable,2024-08-22T09:22:43.239000Z,2024-08-22T09:53:58.108000Z,2024-08-22T19:18:43.920000Z,2024-08-22T09:55:22.582819Z,1875.0,CWG3GR62,425,Yes,Undergraduate degree (BA/BSc/other),"Afrikaans, English",31,Male,White,South Africa,South Africa,South Africa,English,Yes,Full-Time
66c703415e24a88df38bf84b,66b78226fb506441beb1f81c,RETURNED,Not Applicable,2024-08-22T09:32:09.278000Z,,,2024-08-22T13:16:04.136162Z,,,7,CONSENT_REVOKED,CONSENT_REVOKED,CONSENT_REVOKED,CONSENT_REVOKED,CONSENT_REVOKED,CONSENT_REVOKED,CONSENT_REVOKED,CONSENT_REVOKED,CONSENT_REVOKED,CONSENT_REVOKED,CONSENT_REVOKED,CONSENT_REVOKED
66c703438a5ed2b166c9f65b,668fffeaf568cadb93719e41,APPROVED,Not Applicable,2024-08-22T09:22:22.518000Z,2024-08-22T10:04:22.404000Z,2024-08-22T19:18:44.157000Z,2024-08-22T10:04:23.624098Z,2520.0,CWG3GR62,39,Yes,Graduate degree (MA/MSc/MPhil/other),"English, Polish",25,Female,White,Poland,Poland,Poland,Polish,Yes,Full-Time
66c70343919a8e4fa32ea914,66a0fcdb22fe19b2ac4b152e,APPROVED,Not Applicable,2024-08-22T09:22:11.889000Z,2024-08-22T09:49:32.496000Z,2024-08-22T19:18:44.389000Z,2024-08-22T09:49:34.202993Z,1641.0,CWG3GR62,62,Yes,Undergraduate degree (BA/BSc/other),"English, Hindi",19,Female,Asian,India,United Kingdom,India,Hindi,Yes,Full-Time
66c703695d2226834a363d28,6527f7ae2282f4e1e06f5f52,APPROVED,Not Applicable,2024-08-22T09:28:58.681000Z,2024-08-22T10:00:59.552000Z,2024-08-22T19:18:44.626000Z,2024-08-22T10:04:06.322719Z,1921.0,CWG3GR62,54,Yes,Graduate degree (MA/MSc/MPhil/other),"English, Other",23,Female,Prefer not to say,South Africa,South Africa,South Africa,English,Yes,Full-Time
66c7213130554141876dcacc,66a502272f546f0bf6174944,APPROVED,Not Applicable,2024-08-22T11:29:57.505000Z,2024-08-22T12:05:12.328000Z,2024-08-22T19:18:44.860000Z,2024-08-22T12:05:39.498275Z,2115.0,CWG3GR62,15,Yes,Graduate degree (MA/MSc/MPhil/other),English,23,Male,Black,South Africa,South Africa,South Africa,English,Yes,Unemployed (and job seeking)
66c72132d040689ea49c6aa1,62db2644ab0a3a353c0dcb54,APPROVED,Not Applicable,2024-08-22T11:30:13.096000Z,2024-08-22T11:40:20.609000Z,2024-08-22T19:18:45.109000Z,2024-08-22T11:40:21.583261Z,608.0,CWG3GR62,2585,Yes,Undergraduate degree (BA/BSc/other),English,44,Male,White,United Kingdom,United Kingdom,United Kingdom,English,Yes,Full-Time
66c72133acf6e88bc4941bf0,669500c2981af1bf041aaecb,TIMED-OUT,Not Applicable,2024-08-22T11:29:55.710000Z,,,2024-08-22T13:16:04.183753Z,6369.0,,10,Yes,Doctorate degree (PhD/other),"English, French, Polish",23,Male,White,Poland,Poland,Poland,English,Yes,Full-Time
66c72134f127161e59090c2e,5f63a2bc08a0080c790f8eb6,APPROVED,Not Applicable,2024-08-22T11:30:21.857000Z,2024-08-22T11:49:18.278000Z,2024-08-22T19:18:45.365000Z,2024-08-22T11:50:59.054736Z,1137.0,CWG3GR62,817,Yes,Undergraduate degree (BA/BSc/other),"English, Greek",23,Male,White,Greece,Greece,Greece,Greek,Yes,Unemployed (and job seeking)
66c72135654db2a9454c2afd,660f0bec13b0a3246eeef533,APPROVED,Not Applicable,2024-08-22T11:37:27.333000Z,2024-08-22T11:56:49.547000Z,2024-08-22T19:18:45.688000Z,2024-08-22T11:56:50.192156Z,1163.0,CWG3GR62,185,Yes,Graduate degree (MA/MSc/MPhil/other),"English, German, Greek",29,Male,White,Greece,Greece,Greece,Greek,Yes,Unemployed (and job seeking)
66c721358972f6f02ba5cb63,664e3bac1567a06f192c03e1,APPROVED,Not Applicable,2024-08-22T11:32:17.370000Z,2024-08-22T11:43:23.184000Z,2024-08-22T19:18:45.935000Z,2024-08-22T11:43:23.859897Z,666.0,CWG3GR62,76,Yes,Undergraduate degree (BA/BSc/other),English,29,Male,White,United Kingdom,United Kingdom,United Kingdom,English,Yes,Full-Time
66c72136e26b3bebe1faf3ae,65247ead586fda9fb40a3bdb,APPROVED,Not Applicable,2024-08-22T11:30:18.434000Z,2024-08-22T11:50:54.809000Z,2024-08-22T19:18:46.185000Z,2024-08-22T11:51:14.545849Z,1237.0,CWG3GR62,106,Yes,Undergraduate degree (BA/BSc/other),"English, Turkish",23,Male,Asian,Turkey,Poland,Turkey,Turkish,Yes,Unemployed (and job seeking)
66c7213703b9a4676bb159c3,60f814d5348f2f80c0e60c3a,APPROVED,Not Applicable,2024-08-22T11:34:06.268000Z,2024-08-22T12:10:33.162000Z,2024-08-22T19:18:46.478000Z,2024-08-22T12:12:32.182568Z,2187.0,CWG3GR62,1153,Yes,Undergraduate degree (BA/BSc/other),English,22,Male,Black,South Africa,South Africa,South Africa,English,Yes,Unemployed (and job seeking)
66c72139f8668c77c9c068fe,60cc4cbfd6bdf9ee88cdd2f6,APPROVED,Not Applicable,2024-08-22T11:30:01.692000Z,2024-08-22T11:56:00.609000Z,2024-08-22T19:18:46.752000Z,2024-08-22T11:56:01.225026Z,1559.0,CWG3GR62,429,Yes,Technical/community college,English,30,Male,Black,South Africa,South Africa,South Africa,English,Yes,Part-Time
66c7213ba7b45a00c41fa051,60984a1b0cce76d16c4ca781,APPROVED,Not Applicable,2024-08-22T11:30:06.227000Z,2024-08-22T11:56:05.878000Z,2024-08-22T19:18:47.007000Z,2024-08-22T11:56:06.532923Z,1560.0,CWG3GR62,1198,Yes,Graduate degree (MA/MSc/MPhil/other),"Spanish, English, French",35,Female,White,Spain,Spain,Spain,Spanish,Yes,Full-Time
66c7213ceb340c941822034b,5fc9336404f01439deeefc9c,RETURNED,Not Applicable,2024-08-22T11:30:03.958000Z,,,2024-08-22T13:16:04.204082Z,,,144,CONSENT_REVOKED,CONSENT_REVOKED,CONSENT_REVOKED,CONSENT_REVOKED,CONSENT_REVOKED,CONSENT_REVOKED,CONSENT_REVOKED,CONSENT_REVOKED,CONSENT_REVOKED,CONSENT_REVOKED,CONSENT_REVOKED,CONSENT_REVOKED
66c7213db197c28a86fcf468,6694e6a3ab6152a969f517c2,APPROVED,Not Applicable,2024-08-22T11:30:25.686000Z,2024-08-22T11:56:45.778000Z,2024-08-22T19:18:47.243000Z,2024-08-22T11:56:46.473474Z,1581.0,CWG3GR62,30,Yes,Graduate degree (MA/MSc/MPhil/other),"English, French",26,Male,White,France,France,France,French,Yes,DATA_EXPIRED
66c7213e42c5313a70748ac9,6658bbc6589d777bab78b02c,RETURNED,Not Applicable,2024-08-22T11:30:09.379000Z,,,2024-08-22T13:16:04.281441Z,,,117,CONSENT_REVOKED,CONSENT_REVOKED,CONSENT_REVOKED,CONSENT_REVOKED,CONSENT_REVOKED,CONSENT_REVOKED,CONSENT_REVOKED,CONSENT_REVOKED,CONSENT_REVOKED,CONSENT_REVOKED,CONSENT_REVOKED,CONSENT_REVOKED
66c7213ef31872dd87036c27,66b21efe484829f1390d2efa,APPROVED,Not Applicable,2024-08-22T11:30:12.615000Z,2024-08-22T12:00:30.590000Z,2024-08-22T19:18:47.472000Z,2024-08-22T12:00:43.811308Z,1818.0,CWG3GR62,8,Yes,Undergraduate degree (BA/BSc/other),English,23,Male,Mixed,South Africa,South Africa,South Africa,English,Yes,Part-Time
66c7213f30554141876dcad2,66ab89b44b96b0cfbfe98010,APPROVED,Not Applicable,2024-08-22T11:30:39.499000Z,2024-08-22T11:53:21.260000Z,2024-08-22T19:18:47.711000Z,2024-08-22T11:53:22.404998Z,1362.0,CWG3GR62,13,Yes,Doctorate degree (PhD/other),"Portuguese, English, Spanish",26,Male,White,Portugal,Portugal,Portugal,Portuguese,Yes,Full-Time
66c7213f42f5d5c4772f48f5,669f909eb78432a16a7067c5,APPROVED,Not Applicable,2024-08-22T11:36:02.401000Z,2024-08-22T12:14:31.529000Z,2024-08-22T19:18:47.955000Z,2024-08-22T12:14:44.939333Z,2310.0,CWG3GR62,72,Yes,Graduate degree (MA/MSc/MPhil/other),English,59,Male,White,United Kingdom,United Kingdom,United Kingdom,English,Yes,Full-Time
66c7214088f0787a4c67d125,5f108dea719866356702d26f,APPROVED,Not Applicable,2024-08-22T11:30:08.910000Z,2024-08-22T12:05:04.222000Z,2024-08-22T19:18:48.190000Z,2024-08-22T13:05:19.348978Z,2096.0,CWG3GR62,1407,Yes,Graduate degree (MA/MSc/MPhil/other),"English, Polish, German",26,Male,White,Poland,Poland,Poland,Polish,Yes,Full-Time
66c721411e086d9b893a974a,5f2448855226b0000a8129e1,APPROVED,Not Applicable,2024-08-22T11:30:48.739000Z,2024-08-22T11:50:52.358000Z,2024-08-22T19:18:48.482000Z,2024-08-22T11:51:13.883449Z,1204.0,CWG3GR62,861,Yes,Undergraduate degree (BA/BSc/other),"Czech, English",23,Male,White,Czech Republic,Czech Republic,Czech Republic,Czech,Yes,Part-Time
66c721438ad2a509dddff905,6692c7e82bd15cf7a058b022,APPROVED,Not Applicable,2024-08-22T11:32:37.604000Z,2024-08-22T11:56:15.125000Z,2024-08-22T19:18:48.726000Z,2024-08-22T11:56:15.763643Z,1418.0,CWG3GR62,34,Yes,Doctorate degree (PhD/other),"Danish, English, Finnish, Hungarian, Norwegian, Spanish, Somali",26,Female,White,South Africa,South Africa,South Africa,English,Yes,Full-Time
66c721442a19d1249e10e1ab,666af1d5140d31978fe67be0,APPROVED,Not Applicable,2024-08-22T11:31:06.942000Z,2024-08-22T11:57:25.669000Z,2024-08-22T19:18:48.972000Z,2024-08-22T11:57:26.309040Z,1579.0,CWG3GR62,71,Yes,Undergraduate degree (BA/BSc/other),"English, German",34,Male,White,Spain,Spain,Spain,Spanish,Yes,Full-Time
66c7217dbc41a306a13d1416,6135f43464be30d6a0bb0be8,APPROVED,Not Applicable,2024-08-22T11:31:36.586000Z,2024-08-22T11:50:15.321000Z,2024-08-22T19:18:49.404000Z,2024-08-22T11:51:09.801748Z,1119.0,CWG3GR62,216,Yes,Undergraduate degree (BA/BSc/other),English,28,Female,Black,South Africa,South Africa,South Africa,English,Yes,Full-Time
66c72194f14c45dafd79dbe0,66ad800b1630c6cdf3f05f3c,APPROVED,Not Applicable,2024-08-22T11:31:39.913000Z,2024-08-22T11:51:27.588000Z,2024-08-22T19:18:49.638000Z,2024-08-22T11:51:28.693033Z,1188.0,CWG3GR62,38,Yes,Graduate degree (MA/MSc/MPhil/other),English,26,Female,Black,United States,United States,United States,English,Yes,Full-Time
66c72c3b48ee44d7d9880bbf,610cd5f2b38b2d1bffe55477,RETURNED,Not Applicable,2024-08-22T12:27:00.129000Z,,,2024-08-22T13:16:04.427681Z,,,5571,CONSENT_REVOKED,CONSENT_REVOKED,CONSENT_REVOKED,CONSENT_REVOKED,CONSENT_REVOKED,CONSENT_REVOKED,CONSENT_REVOKED,CONSENT_REVOKED,CONSENT_REVOKED,CONSENT_REVOKED,CONSENT_REVOKED,CONSENT_REVOKED
66c72cb87ed4057f4e81928f,653a727ef74072aa4240204a,APPROVED,Not Applicable,2024-08-22T12:20:39.372000Z,2024-08-22T13:01:18.440000Z,2024-08-22T19:18:49.879000Z,2024-08-22T13:03:04.589496Z,2440.0,CWG3GR62,221,Yes,Graduate degree (MA/MSc/MPhil/other),English,23,Male,Black,Zimbabwe,South Africa,Zimbabwe,English,Yes,Part-Time
66c72cb9b93bae5bdbf3b98a,6135ce2a32b53777552a46b0,APPROVED,Not Applicable,2024-08-22T12:19:28.784000Z,2024-08-22T12:53:50.452000Z,2024-08-22T19:18:50.122000Z,2024-08-22T12:54:31.902146Z,2062.0,CWG3GR62,884,Yes,Undergraduate degree (BA/BSc/other),"English, Afrikaans",21,Male,Black,South Africa,South Africa,South Africa,English,Yes,Full-Time
66c72cbc325402e7dfebf25d,5c4f5967aac8be0001716a65,APPROVED,Not Applicable,2024-08-22T12:19:11.054000Z,2024-08-22T12:40:33.491000Z,2024-08-22T19:18:50.350000Z,2024-08-22T12:40:54.490504Z,1283.0,CWG3GR62,3262,Yes,Undergraduate degree (BA/BSc/other),English,33,Male,White,Ireland,United Kingdom,Ireland,English,Yes,Full-Time
66c72cbd219269ee47315704,66b7830458d00025bc0e9ef0,APPROVED,Not Applicable,2024-08-22T12:24:20.298000Z,2024-08-22T12:48:49.074000Z,2024-08-22T19:18:50.589000Z,2024-08-22T12:48:49.805108Z,1469.0,CWG3GR62,24,Yes,Undergraduate degree (BA/BSc/other),"Bengali, English",20,Male,Asian,United Kingdom,United Kingdom,United Kingdom,English,Yes,DATA_EXPIRED
66c72cbe867a3b6c40439cb3,66a643090a4f33f35327eeaa,APPROVED,Not Applicable,2024-08-22T12:19:35.271000Z,2024-08-22T12:40:12.308000Z,2024-08-22T19:18:50.822000Z,2024-08-22T12:40:49.155803Z,1238.0,CWG3GR62,59,Yes,Undergraduate degree (BA/BSc/other),"English, French, Italian",20,Female,White,United Kingdom,United Kingdom,United Kingdom,English,Yes,Due to start a new job within the next month
66c72cbe91faaa8093d06c00,669f70ba59ec3222877c084f,APPROVED,Not Applicable,2024-08-22T12:21:01.015000Z,2024-08-22T12:50:27.066000Z,2024-08-22T19:18:51.061000Z,2024-08-22T12:50:27.642018Z,1767.0,CWG3GR62,9,Yes,Undergraduate degree (BA/BSc/other),"Belarusian, Czech, English, Polish, Russian, Spanish, Ukrainian",18,Male,White,Ukraine,Poland,Ukraine,Ukrainian,Yes,Part-Time
66c72cbf89418b82a47e1549,663a13d140564554b431a688,RETURNED,Not Applicable,2024-08-22T12:19:39.605000Z,,,2024-08-22T13:16:04.457086Z,,,72,CONSENT_REVOKED,CONSENT_REVOKED,CONSENT_REVOKED,CONSENT_REVOKED,CONSENT_REVOKED,CONSENT_REVOKED,CONSENT_REVOKED,CONSENT_REVOKED,CONSENT_REVOKED,CONSENT_REVOKED,CONSENT_REVOKED,CONSENT_REVOKED
66c72cbfc1ceaabc2c905272,666491115676b12c27cb22c6,APPROVED,Not Applicable,2024-08-22T12:20:17.200000Z,2024-08-22T12:50:45.384000Z,2024-08-22T19:18:51.390000Z,2024-08-22T12:50:46.039675Z,1829.0,CWG3GR62,47,Yes,Technical/community college,"English, Polish",18,Female,White,Poland,Poland,Poland,Polish,Yes,Part-Time
66c72cc0e612ab9f795755d8,5ec2c14f488b5c0d146da2f9,APPROVED,Not Applicable,2024-08-22T12:19:12.259000Z,2024-08-22T12:48:05.833000Z,2024-08-22T19:18:51.621000Z,2024-08-22T12:48:06.512707Z,1734.0,CWG3GR62,811,Yes,Graduate degree (MA/MSc/MPhil/other),"English, Portuguese, Spanish",34,Male,White,Portugal,Portugal,Portugal,Portuguese,Yes,Full-Time
66c72cc0fd26948c5bf13371,65fb15502a7bfb5cd4f59db9,APPROVED,Not Applicable,2024-08-22T12:21:25.574000Z,2024-08-22T12:50:52.249000Z,2024-08-22T19:18:51.873000Z,2024-08-22T12:50:52.910158Z,1767.0,CWG3GR62,87,Yes,Graduate degree (MA/MSc/MPhil/other),English,26,Male,Black,Kenya,Kenya,Kenya,English,Yes,Unemployed (and job seeking)
66c72d1a684406bb3bb5f1f0,5f0214e58782120a8c970fd6,RETURNED,Not Applicable,2024-08-22T12:24:01.775000Z,,,2024-08-22T13:16:04.552957Z,,,855,CONSENT_REVOKED,CONSENT_REVOKED,CONSENT_REVOKED,CONSENT_REVOKED,CONSENT_REVOKED,CONSENT_REVOKED,CONSENT_REVOKED,CONSENT_REVOKED,CONSENT_REVOKED,CONSENT_REVOKED,CONSENT_REVOKED,CONSENT_REVOKED
66c72e9403f9816325c2c916,61267b828ead584bcf092e35,APPROVED,Not Applicable,2024-08-22T12:27:23.569000Z,2024-08-22T13:01:27.503000Z,2024-08-22T19:18:52.098000Z,2024-08-22T13:03:05.432807Z,2044.0,CWG3GR62,1156,Yes,DATA_EXPIRED,English,35,Female,Black,South Africa,South Africa,South Africa,English,Yes,Other
66c72ff5bbe7904bb4963a37,6172a1d4cffa5162140cc8c2,APPROVED,Not Applicable,2024-08-22T12:39:53.255000Z,2024-08-22T13:13:22.204000Z,2024-08-22T19:18:52.875000Z,2024-08-22T13:13:23.029072Z,2009.0,CWG3GR62,695,Yes,Undergraduate degree (BA/BSc/other),English,26,Female,Black,South Africa,South Africa,South Africa,English,Yes,Full-Time
66c73a7c5633b639efae41d0,58d3bc1642648b0001f21ca4,APPROVED,Not Applicable,2024-08-22T13:17:54.641000Z,2024-08-22T13:53:59.842000Z,2024-08-22T19:18:53.185000Z,2024-08-22T13:54:00.577980Z,2166.0,CWG3GR62,795,Yes,Doctorate degree (PhD/other),"Italian, English, French, German, Spanish",31,Male,White,Italy,Italy,Italy,Italian,Yes,Full-Time
66c73a7e2fe3a27100365e0d,611fbfae3ce6f9dfaa946f69,RETURNED,Not Applicable,2024-08-22T13:19:26.206000Z,,,2024-08-22T15:49:20.126787Z,,,655,CONSENT_REVOKED,CONSENT_REVOKED,CONSENT_REVOKED,CONSENT_REVOKED,CONSENT_REVOKED,CONSENT_REVOKED,CONSENT_REVOKED,CONSENT_REVOKED,CONSENT_REVOKED,CONSENT_REVOKED,CONSENT_REVOKED,CONSENT_REVOKED
66c73a8064c6a1a64ba8ff59,603659d5c391045d1e4b332b,APPROVED,Not Applicable,2024-08-22T13:18:00.435000Z,2024-08-22T13:37:42.550000Z,2024-08-22T19:18:53.478000Z,2024-08-22T13:39:32.560492Z,1183.0,CWG3GR62,434,Yes,Graduate degree (MA/MSc/MPhil/other),"Afrikaans, English",22,Female,White,South Africa,South Africa,South Africa,English,Yes,Full-Time
66c73a82c70720449aa1d3ad,60a4d771dee801a5f428e1b6,APPROVED,Not Applicable,2024-08-22T13:19:53.551000Z,2024-08-22T14:08:01.009000Z,2024-08-22T19:18:53.753000Z,2024-08-22T14:08:01.669701Z,2888.0,CWG3GR62,534,Yes,Undergraduate degree (BA/BSc/other),English,23,Female,Black,South Africa,South Africa,South Africa,English,Yes,Full-Time
66c73a83133779ba00e3687e,665f732ca8b7e8c6434c34f7,APPROVED,Not Applicable,2024-08-22T13:18:23.335000Z,2024-08-22T13:53:37.498000Z,2024-08-22T19:18:54.066000Z,2024-08-22T13:53:48.315074Z,2115.0,CWG3GR62,30,Yes,Graduate degree (MA/MSc/MPhil/other),"Hindi, English, French",24,Male,Asian,Canada,Canada,India,English,Yes,Full-Time
66c73a832439d41ab42a787b,664227626c839055d272a757,RETURNED,Not Applicable,2024-08-22T13:22:17.129000Z,,,2024-08-22T15:49:20.152686Z,,,218,CONSENT_REVOKED,CONSENT_REVOKED,CONSENT_REVOKED,CONSENT_REVOKED,CONSENT_REVOKED,CONSENT_REVOKED,CONSENT_REVOKED,CONSENT_REVOKED,CONSENT_REVOKED,CONSENT_REVOKED,CONSENT_REVOKED,CONSENT_REVOKED
66c73a8462d4354d99ef181e,6617f16afa78900df106e9a8,APPROVED,Not Applicable,2024-08-22T13:18:00.599000Z,2024-08-22T14:03:53.538000Z,2024-08-22T19:18:54.358000Z,2024-08-22T14:04:35.364861Z,2753.0,CWG3GR62,39,Yes,Graduate degree (MA/MSc/MPhil/other),English,28,Female,Asian,Pakistan,Germany,Pakistan,Urdu,Yes,Unemployed (and job seeking)
66c73a84aa9674b36c663dcb,616e5ae706e970fe0aff99b6,RETURNED,Not Applicable,2024-08-22T13:27:56.957000Z,,,2024-08-22T15:49:20.312017Z,,,774,CONSENT_REVOKED,CONSENT_REVOKED,CONSENT_REVOKED,CONSENT_REVOKED,CONSENT_REVOKED,CONSENT_REVOKED,CONSENT_REVOKED,CONSENT_REVOKED,CONSENT_REVOKED,CONSENT_REVOKED,CONSENT_REVOKED,CONSENT_REVOKED
66c73a8523649478e77979a8,6687e0840173cb4b3925aa8e,RETURNED,Not Applicable,2024-08-22T13:18:03.377000Z,,,2024-08-22T15:49:20.487769Z,,,235,CONSENT_REVOKED,CONSENT_REVOKED,CONSENT_REVOKED,CONSENT_REVOKED,CONSENT_REVOKED,CONSENT_REVOKED,CONSENT_REVOKED,CONSENT_REVOKED,CONSENT_REVOKED,CONSENT_REVOKED,CONSENT_REVOKED,CONSENT_REVOKED
66c73a85aefbe674a4ff287b,65faeb354511dc84270f57b5,APPROVED,Not Applicable,2024-08-22T13:20:05.750000Z,2024-08-22T13:48:44.829000Z,2024-08-22T19:18:54.642000Z,2024-08-22T13:51:14.548146Z,1720.0,CWG3GR62,56,Yes,Undergraduate degree (BA/BSc/other),"English, Swahili",20,Male,Black,Kenya,Kenya,Kenya,English,Yes,Part-Time
66c73a866c692581bd2a7870,66aadb2177217e59ab98a511,APPROVED,Not Applicable,2024-08-22T13:17:58.732000Z,2024-08-22T13:44:04.956000Z,2024-08-22T19:18:54.933000Z,2024-08-22T13:44:16.354084Z,1567.0,CWG3GR62,19,Yes,Graduate degree (MA/MSc/MPhil/other),"English, Spanish",25,Male,White,Spain,Spain,Spain,Spanish,Yes,Unemployed (and job seeking)
66c73a869eae1cfedf05018e,66854d5e7dfe9cf62529321e,APPROVED,Not Applicable,2024-08-22T13:18:12.591000Z,2024-08-22T13:54:02.461000Z,2024-08-22T19:18:55.278000Z,2024-08-22T13:54:03.099834Z,2150.0,CWG3GR62,18,Yes,Undergraduate degree (BA/BSc/other),English,25,Male,Black,South Africa,South Africa,South Africa,English,Yes,Part-Time
66c73a8741c8c1ac220a63e2,647c65ebea8190d7d6d401f2,RETURNED,Not Applicable,2024-08-22T13:20:15.237000Z,,,2024-08-22T15:49:20.355181Z,,,336,CONSENT_REVOKED,CONSENT_REVOKED,CONSENT_REVOKED,CONSENT_REVOKED,CONSENT_REVOKED,CONSENT_REVOKED,CONSENT_REVOKED,CONSENT_REVOKED,CONSENT_REVOKED,CONSENT_REVOKED,CONSENT_REVOKED,CONSENT_REVOKED
66c73a875c7eeb9541d3102e,6550edd3c5d5a51c51ab1224,APPROVED,Not Applicable,2024-08-22T13:18:57.803000Z,2024-08-22T13:54:06.539000Z,2024-08-22T19:18:55.670000Z,2024-08-22T13:54:07.249275Z,2109.0,CWG3GR62,60,Yes,Undergraduate degree (BA/BSc/other),English,29,Female,Black,South Africa,South Africa,South Africa,English,Yes,Full-Time
66c73a889487a60da7104b70,66acefa0129f2d753b6da625,APPROVED,Not Applicable,2024-08-22T13:18:19.257000Z,2024-08-22T13:49:40.231000Z,2024-08-22T19:18:56.007000Z,2024-08-22T13:52:14.113381Z,1881.0,CWG3GR62,18,Yes,Doctorate degree (PhD/other),"Czech, Chinese, English, French, German, Italian, Portuguese, Russian, Spanish",54,Female,Black,South Africa,South Africa,South Africa,English,Yes,Full-Time
66c73bb02ef7204dfb031ef4,644cdee223c4b93bf46c7301,APPROVED,Not Applicable,2024-08-22T13:23:13.945000Z,2024-08-22T13:39:43.692000Z,2024-08-22T19:18:56.320000Z,2024-08-22T13:40:21.020036Z,990.0,CWG3GR62,1078,Yes,Graduate degree (MA/MSc/MPhil/other),English,30,Male,Black,Nigeria,United Kingdom,Nigeria,English,Yes,Part-Time
66c73c3d8c1d11bcf729ac23,665efdf173820edd2b8d4d23,RETURNED,Not Applicable,2024-08-22T13:26:41.105000Z,,,2024-08-22T15:49:20.525264Z,,,268,CONSENT_REVOKED,CONSENT_REVOKED,CONSENT_REVOKED,CONSENT_REVOKED,CONSENT_REVOKED,CONSENT_REVOKED,CONSENT_REVOKED,CONSENT_REVOKED,CONSENT_REVOKED,CONSENT_REVOKED,CONSENT_REVOKED,CONSENT_REVOKED
66c73d586e58f08d8b430a5c,66bb65000515c590edc28ac2,APPROVED,Not Applicable,2024-08-22T13:30:26.791000Z,2024-08-22T13:57:17.951000Z,2024-08-22T19:18:56.609000Z,2024-08-22T13:59:49.666223Z,1612.0,CWG3GR62,6,Yes,Graduate degree (MA/MSc/MPhil/other),"English, Hungarian",28,Female,Mixed,Hungary,Hungary,Hungary,Hungarian,Yes,Full-Time
66c73d685474205a5c5a1976,66565f702a8c21be63eb93ce,APPROVED,Not Applicable,2024-08-22T13:37:42.916000Z,2024-08-22T13:56:08.466000Z,2024-08-22T19:18:56.901000Z,2024-08-22T13:56:09.018084Z,1106.0,CWG3GR62,166,Yes,Graduate degree (MA/MSc/MPhil/other),"Urdu, English, Punjabi",26,Male,Asian,Pakistan,United Kingdom,Pakistan,Urdu,Yes,Part-Time
66c73d804bcf6d2d0f96bf7a,63d13d12c35a12dd05922c69,APPROVED,Not Applicable,2024-08-22T13:30:54.293000Z,2024-08-22T14:06:17.047000Z,2024-08-22T19:18:57.447000Z,2024-08-22T14:06:19.109737Z,2123.0,CWG3GR62,51,Yes,Graduate degree (MA/MSc/MPhil/other),"Chinese, Japanese, English",27,Female,Asian,China,United Kingdom,China,Chinese,Yes,Part-Time
66c7443551ef2ebaaa086e33,669d47222509473ba228f699,APPROVED,Not Applicable,2024-08-22T13:59:43.926000Z,2024-08-22T14:47:07.556000Z,2024-08-22T19:18:57.782000Z,2024-08-22T14:48:35.432315Z,2844.0,CWG3GR62,29,Yes,Undergraduate degree (BA/BSc/other),"Afrikaans, Dutch, English, Swahili, Spanish",24,Male,Black,South Africa,South Africa,South Africa,English,Yes,Full-Time
66c75273cae021c5df6c7a04,66801a6a1438b0a399dd61df,APPROVED,Not Applicable,2024-08-22T15:00:03.901000Z,2024-08-22T15:40:02.856000Z,2024-08-22T19:18:58.071000Z,2024-08-22T15:40:41.605571Z,2399.0,CWG3GR62,16,Yes,Undergraduate degree (BA/BSc/other),"English, Polish, Other",21,Male,White,Poland,Poland,Poland,Polish,Yes,Other
66c7527403fb56884a4f82e0,60b87f3ca1dbf6bb340c9bb0,APPROVED,Not Applicable,2024-08-22T15:00:21.534000Z,2024-08-22T15:28:08.045000Z,2024-08-22T19:18:58.910000Z,2024-08-22T15:28:08.687646Z,1667.0,CWG3GR62,571,Yes,Graduate degree (MA/MSc/MPhil/other),"English, Polish",22,Male,White,Poland,Poland,Poland,Polish,Yes,Other
66c752758ffbcc19d6f0c34b,66463e4efb99fba5a67a010a,APPROVED,Not Applicable,2024-08-22T15:02:34.228000Z,2024-08-22T15:24:05.507000Z,2024-08-22T19:18:59.210000Z,2024-08-22T15:25:16.884984Z,1292.0,CWG3GR62,456,Yes,Undergraduate degree (BA/BSc/other),English,30,Male,Black,United States,United States,United States,English,Yes,Full-Time
66c752768486c4890453d56d,6679a7429f703992d1619bdc,APPROVED,Not Applicable,2024-08-22T15:00:25.513000Z,2024-08-22T15:13:56.282000Z,2024-08-22T19:18:59.537000Z,2024-08-22T15:13:57.219676Z,811.0,CWG3GR62,264,Yes,Undergraduate degree (BA/BSc/other),English,21,Female,White,United States,United States,United States,English,Yes,Part-Time
66c752769ebfc5c49d14d187,64e8c14bbe184c20cb9d0583,APPROVED,Not Applicable,2024-08-22T15:05:34.384000Z,2024-08-22T15:25:39.284000Z,2024-08-22T19:18:59.822000Z,2024-08-22T15:25:49.237929Z,1205.0,CWG3GR62,323,Yes,Undergraduate degree (BA/BSc/other),"Hungarian, English",20,Male,Mixed,Hungary,Hungary,Hungary,Hungarian,Yes,Other
66c75277540b3c06088a8af2,6501c0a2e788b5556c24569d,APPROVED,Not Applicable,2024-08-22T15:03:39.189000Z,2024-08-22T15:34:32.829000Z,2024-08-22T19:19:00.125000Z,2024-08-22T15:34:33.705591Z,1854.0,CWG3GR62,598,Yes,Undergraduate degree (BA/BSc/other),"Polish, English",27,Male,White,Poland,United Kingdom,Poland,Polish,Yes,DATA_EXPIRED
66c752779fc3ab21a86c79ff,5b755869d5d7a80001b45a1e,APPROVED,Not Applicable,2024-08-22T15:00:07.101000Z,2024-08-22T15:25:15.633000Z,2024-08-22T19:19:00.451000Z,2024-08-22T15:25:35.367813Z,1509.0,CWG3GR62,1126,Yes,Graduate degree (MA/MSc/MPhil/other),"Catalan, English, Italian, Spanish, French",27,Female,White,Spain,Spain,Spain,Catalan,Yes,Part-Time
66c752780e0ef1da4a44b18a,6536baae5339076dc9aed683,APPROVED,Not Applicable,2024-08-22T15:00:48.368000Z,2024-08-22T15:42:24.107000Z,2024-08-22T19:19:00.692000Z,2024-08-22T15:42:25.375712Z,2496.0,CWG3GR62,326,Yes,Graduate degree (MA/MSc/MPhil/other),"French, English",29,Male,Black,DATA_EXPIRED,United Kingdom,DATA_EXPIRED,English,Yes,Part-Time
66c75279677a2397f5717e60,66ac975dd71a2f37a2979600,APPROVED,Not Applicable,2024-08-22T15:01:12.770000Z,2024-08-22T15:26:06.374000Z,2024-08-22T19:19:00.937000Z,2024-08-22T15:26:09.356271Z,1494.0,CWG3GR62,0,Yes,Graduate degree (MA/MSc/MPhil/other),"English, French, Spanish",22,Male,White,Belgium,France,France,French,Yes,DATA_EXPIRED
66c75279f38fde8ee5d76afc,667ac9842f5f3a2cdc45b797,APPROVED,Not Applicable,2024-08-22T15:00:30.954000Z,2024-08-22T15:24:06.579000Z,2024-08-22T19:19:01.204000Z,2024-08-22T15:25:18.058598Z,1416.0,CWG3GR62,48,Yes,Graduate degree (MA/MSc/MPhil/other),English,21,Female,Black,South Africa,South Africa,South Africa,English,Yes,Full-Time
66c75dadfa892b140e3446d8,668a94a0b3549e7f6561493d,APPROVED,Not Applicable,2024-08-22T15:49:15.019000Z,2024-08-22T16:18:35.225000Z,2024-08-22T19:19:01.475000Z,2024-08-22T16:18:35.865916Z,1761.0,CWG3GR62,45,Yes,Technical/community college,"Spanish, English",20,Male,White,Spain,Spain,Spain,Spanish,Yes,Other
66c75daea24d9a478875b5d4,66a8f79670fb94f3e4562ec8,RETURNED,Not Applicable,2024-08-22T15:48:26.037000Z,,,2024-08-22T15:58:16.110256Z,,,50,CONSENT_REVOKED,CONSENT_REVOKED,CONSENT_REVOKED,CONSENT_REVOKED,CONSENT_REVOKED,CONSENT_REVOKED,CONSENT_REVOKED,CONSENT_REVOKED,CONSENT_REVOKED,CONSENT_REVOKED,CONSENT_REVOKED,CONSENT_REVOKED
66c75dafba4475febf98eb56,6658d57e96aa5518f7414d69,APPROVED,Not Applicable,2024-08-22T15:48:06.852000Z,2024-08-22T16:14:07.445000Z,2024-08-22T19:19:01.728000Z,2024-08-22T16:16:09.928549Z,1561.0,CWG3GR62,137,Yes,Undergraduate degree (BA/BSc/other),English,24,Female,Black,United Kingdom,United Kingdom,United Kingdom,English,No,Unemployed (and job seeking)
66c75db0678ff29f89a30fc8,6612a3d099bbffc5cc1eebff,RETURNED,Not Applicable,2024-08-22T15:49:11.179000Z,,,2024-08-22T16:36:59.472380Z,,,284,CONSENT_REVOKED,CONSENT_REVOKED,CONSENT_REVOKED,CONSENT_REVOKED,CONSENT_REVOKED,CONSENT_REVOKED,CONSENT_REVOKED,CONSENT_REVOKED,CONSENT_REVOKED,CONSENT_REVOKED,CONSENT_REVOKED,CONSENT_REVOKED
66c75db06aea4891e6ec2fbd,664dc1571d9e0a2e6a6c6077,APPROVED,Not Applicable,2024-08-22T15:48:07.707000Z,2024-08-22T16:07:22.863000Z,2024-08-22T19:19:02.088000Z,2024-08-22T16:07:23.381353Z,1156.0,CWG3GR62,206,Yes,Undergraduate degree (BA/BSc/other),"English, Spanish",19,Male,White,United Kingdom,United Kingdom,United Kingdom,English,Yes,Part-Time
66c75db17ce4e820ed0e6d04,60ec51c51a3158a50ded8a3e,RETURNED,Not Applicable,2024-08-22T15:48:24.025000Z,,,2024-08-22T15:50:28.864689Z,,,1163,CONSENT_REVOKED,CONSENT_REVOKED,CONSENT_REVOKED,CONSENT_REVOKED,CONSENT_REVOKED,CONSENT_REVOKED,CONSENT_REVOKED,CONSENT_REVOKED,CONSENT_REVOKED,CONSENT_REVOKED,CONSENT_REVOKED,CONSENT_REVOKED
66c75db1bb0186beeb6914c3,66935e27d60a5f43da6b3e6e,RETURNED,Not Applicable,2024-08-22T15:49:21.932000Z,,,2024-08-22T15:50:29.091339Z,,,273,CONSENT_REVOKED,CONSENT_REVOKED,CONSENT_REVOKED,CONSENT_REVOKED,CONSENT_REVOKED,CONSENT_REVOKED,CONSENT_REVOKED,CONSENT_REVOKED,CONSENT_REVOKED,CONSENT_REVOKED,CONSENT_REVOKED,CONSENT_REVOKED
66c75db2207492418c218352,6495f3b6e24ca28d0a3e3449,RETURNED,Not Applicable,2024-08-22T15:59:00.070000Z,,,2024-08-22T16:36:59.474854Z,,,121,CONSENT_REVOKED,CONSENT_REVOKED,CONSENT_REVOKED,CONSENT_REVOKED,CONSENT_REVOKED,CONSENT_REVOKED,CONSENT_REVOKED,CONSENT_REVOKED,CONSENT_REVOKED,CONSENT_REVOKED,CONSENT_REVOKED,CONSENT_REVOKED
66c75db287955b166ac00640,66c22f90647927efe18d75b1,RETURNED,Not Applicable,2024-08-22T15:58:02.213000Z,,,2024-08-22T15:50:28.884781Z,,,5,CONSENT_REVOKED,CONSENT_REVOKED,CONSENT_REVOKED,CONSENT_REVOKED,CONSENT_REVOKED,CONSENT_REVOKED,CONSENT_REVOKED,CONSENT_REVOKED,CONSENT_REVOKED,CONSENT_REVOKED,CONSENT_REVOKED,CONSENT_REVOKED
66c75db2c34dd8ce45b4aeab,6671932f4fd88121d7a200df,APPROVED,Not Applicable,2024-08-22T15:48:02.977000Z,2024-08-22T16:10:39.603000Z,2024-08-22T19:19:02.345000Z,2024-08-22T16:12:10.665966Z,1357.0,CWG3GR62,59,Yes,Technical/community college,"Chinese, English, French, German, Spanish",21,Female,White,Spain,Spain,Spain,Spanish,Yes,Unemployed (and job seeking)
66c75db32600c4368020246a,5feb64b3341f42bb63200e36,APPROVED,Not Applicable,2024-08-22T15:49:06.239000Z,2024-08-22T16:08:52.083000Z,2024-08-22T19:19:02.584000Z,2024-08-22T16:08:52.979814Z,1186.0,CWG3GR62,731,Yes,Graduate degree (MA/MSc/MPhil/other),"English, French, Italian, Spanish",25,Female,White,Italy,Italy,Italy,Italian,Yes,Unemployed (and job seeking)
66c75db3bc667baa9f32a95e,6655dcb6ad2167154e78a4c3,APPROVED,Not Applicable,2024-08-22T15:48:37.094000Z,2024-08-22T16:08:40.315000Z,2024-08-22T19:19:02.818000Z,2024-08-22T16:08:40.892264Z,1204.0,CWG3GR62,40,Yes,Undergraduate degree (BA/BSc/other),"Dutch, English",19,Male,White,Belgium,Belgium,Belgium,Dutch,Yes,Other
66c75db4dc6269ba09b85eac,66338fe753a8d92b773d1050,APPROVED,Not Applicable,2024-08-22T15:48:04.723000Z,2024-08-22T16:13:51.076000Z,2024-08-22T19:19:03.078000Z,2024-08-22T16:14:57.306110Z,1547.0,CWG3GR62,108,Yes,Graduate degree (MA/MSc/MPhil/other),"English, French, Italian",33,Male,White,Italy,Italy,Italy,Italian,Yes,Full-Time
66c75db58bf87a22f852ded8,5e9bd025eb6b380e1d66d04c,APPROVED,Not Applicable,2024-08-22T15:49:19.356000Z,2024-08-22T16:08:38.322000Z,2024-08-22T19:19:03.318000Z,2024-08-22T16:08:39.725590Z,1159.0,CWG3GR62,309,Yes,Undergraduate degree (BA/BSc/other),"Spanish, English",24,Male,White,Mexico,Mexico,Mexico,Spanish,Yes,"Not in paid work (e.g. homemaker', 'retired or disabled)"
66c75db65cf5a4e51fab00d7,665b575713c9ec2ddbccc016,APPROVED,Not Applicable,2024-08-22T15:49:05.153000Z,2024-08-22T16:16:25.854000Z,2024-08-22T19:19:03.553000Z,2024-08-22T16:16:40.542211Z,1641.0,CWG3GR62,60,Yes,Undergraduate degree (BA/BSc/other),English,23,Female,Black,South Africa,South Africa,South Africa,English,Yes,Part-Time
66c75decc8fa89cf386914e4,66b37e2e0f0b1f062885db6f,APPROVED,Not Applicable,2024-08-22T15:50:26.285000Z,2024-08-22T16:25:14.854000Z,2024-08-22T19:19:03.781000Z,2024-08-22T16:25:15.958295Z,2089.0,CWG3GR62,14,Yes,Graduate degree (MA/MSc/MPhil/other),"Afrikaans, English, Dutch, French, Portuguese, Spanish",31,Female,Black,South Africa,South Africa,South Africa,English,Yes,Full-Time
66c75e14c8fa89cf386914ea,667ac09492ea0caadf488520,APPROVED,Not Applicable,2024-08-22T15:49:40.921000Z,2024-08-22T16:19:40.453000Z,2024-08-22T19:19:04.072000Z,2024-08-22T16:19:49.726011Z,1800.0,CWG3GR62,69,Yes,Graduate degree (MA/MSc/MPhil/other),English,23,Female,Black,South Africa,South Africa,South Africa,English,Yes,Full-Time
66c75e2ec7ba12e7d992208d,65fb11fa63f6a4a129409026,APPROVED,Not Applicable,2024-08-22T15:51:18.294000Z,2024-08-22T16:35:08.295000Z,2024-08-22T19:19:04.320000Z,2024-08-22T16:35:08.864435Z,2631.0,CWG3GR62,48,Yes,Undergraduate degree (BA/BSc/other),"English, Swahili",28,Male,Black,Kenya,Kenya,Kenya,Swahili,No,Other
66c75e2ec994daa0796560b3,60fdb1ecbdc5448a698557e3,APPROVED,Not Applicable,2024-08-22T15:51:19.919000Z,2024-08-22T16:13:19.396000Z,2024-08-22T19:19:04.552000Z,2024-08-22T16:13:32.952388Z,1320.0,CWG3GR62,49,Yes,Undergraduate degree (BA/BSc/other),"English, French",23,Female,White,Canada,Canada,Canada,English,Yes,Unemployed (and job seeking)
66c75e2f901a698401f38314,65f34ad95a4680b824d01a83,RETURNED,Not Applicable,2024-08-22T15:56:20.693000Z,,,2024-08-22T16:36:59.475740Z,,,111,CONSENT_REVOKED,CONSENT_REVOKED,CONSENT_REVOKED,CONSENT_REVOKED,CONSENT_REVOKED,CONSENT_REVOKED,CONSENT_REVOKED,CONSENT_REVOKED,CONSENT_REVOKED,CONSENT_REVOKED,CONSENT_REVOKED,CONSENT_REVOKED
66c75e30d6d3744a8db8ff11,66bc5fecf7913780d00dbb23,APPROVED,Not Applicable,2024-08-22T15:50:33.495000Z,2024-08-22T16:20:42.965000Z,2024-08-22T19:19:04.782000Z,2024-08-22T16:21:18.862785Z,1810.0,CWG3GR62,13,Yes,Undergraduate degree (BA/BSc/other),"English, French",31,Male,Black,Madagascar,United Kingdom,Madagascar,French,Yes,DATA_EXPIRED
66c75e3153480a4b488447aa,64e8a9da9077e59fb9173016,APPROVED,Not Applicable,2024-08-22T15:53:42.357000Z,2024-08-22T16:16:17.781000Z,2024-08-22T19:19:05.020000Z,2024-08-22T16:16:39.526602Z,1356.0,CWG3GR62,341,Yes,Graduate degree (MA/MSc/MPhil/other),"Afrikaans, Albanian, Amharic, Arabic, Armenian, Basque, Bengali, Belarusian, Burmese, Bulgarian, Catalan, Czech, Chinese, Croatian, Danish, Dari, Dzongkha, Dutch, English, Esperanto, Estonian, Faroese, Farsi, Finnish, French, Gaelic, Galician, German, Greek, Hebrew, Hindi, Hungarian, Icelandic, Indonesian, Inuktitut, Italian, Japanese, Khmer, Korean, Kurdish, Laotian, Latvian, Lappish, Lithuanian, Macedonian, Malay, Maltese, Nepali, Norwegian, Pashto, Polish, Portuguese, Romanian, Russian, Scots, Serbian, Slovak, Slovenian, Somali, Spanish, Swedish, Swahili, Tagalog-Filipino, Tajik, Tamil, Thai, Tibetan, Tigrinya, Tongan, Turkish, Turkmen, Ukrainian, Urdu, Uzbek, Welsh",29,Female,Black,Zimbabwe,South Africa,Zimbabwe,English,Yes,Full-Time
66c75e41695b1ff53177d8e9,6621a8aa29b8819ebcd14323,APPROVED,Not Applicable,2024-08-22T15:50:25.376000Z,2024-08-22T16:12:20.732000Z,2024-08-22T19:19:05.257000Z,2024-08-22T16:12:51.473574Z,1316.0,CWG3GR62,112,Yes,Graduate degree (MA/MSc/MPhil/other),"German, English, Turkish",25,Male,White,Turkey,Germany,Turkey,Turkish,Yes,Other
66c75e4d8259672e0362fdee,665dc79e32a45310c9e96fdb,APPROVED,Not Applicable,2024-08-22T15:50:37.151000Z,2024-08-22T16:23:12.455000Z,2024-08-22T19:19:05.540000Z,2024-08-22T16:23:13.201858Z,1956.0,CWG3GR62,22,Yes,Undergraduate degree (BA/BSc/other),"Afrikaans, English, Other",32,Female,Black,South Africa,South Africa,South Africa,English,No,Full-Time
66c7604471c32b3207f3836b,66b223d532199c29ed32c8f4,APPROVED,Not Applicable,2024-08-22T15:59:00.141000Z,2024-08-22T16:14:20.547000Z,2024-08-22T19:19:05.768000Z,2024-08-22T16:16:20.979110Z,921.0,CWG3GR62,49,Yes,Undergraduate degree (BA/BSc/other),"English, Romanian",24,Female,White,Romania,United Kingdom,Romania,English,Yes,Part-Time
66c760fd06fedab3cd47cecc,6497e970e2621e753513a695,APPROVED,Not Applicable,2024-08-22T16:02:05.152000Z,2024-08-22T16:32:42.087000Z,2024-08-22T19:19:06.015000Z,2024-08-22T16:33:42.260819Z,1837.0,CWG3GR62,382,Yes,Undergraduate degree (BA/BSc/other),English,24,Female,Black,South Africa,South Africa,South Africa,English,Yes,Full-Time
66c7623a695b1ff53177d98e,668bdb8e7e4e833357646124,APPROVED,Not Applicable,2024-08-22T16:07:22.958000Z,2024-08-22T16:33:15.834000Z,2024-08-22T19:19:06.245000Z,2024-08-22T16:33:57.038021Z,1553.0,CWG3GR62,34,Yes,Undergraduate degree (BA/BSc/other),English,22,Male,White,Poland,Poland,Poland,Polish,Yes,Unemployed (and job seeking)
66c7628696961cd8ed4c3077,657339a709e2919a96fb8fd8,APPROVED,Not Applicable,2024-08-22T16:08:38.878000Z,2024-08-22T16:33:12.425000Z,2024-08-22T19:19:06.476000Z,2024-08-22T16:33:55.523729Z,1474.0,CWG3GR62,2,Yes,Doctorate degree (PhD/other),English,30,Female,Other,South Africa,South Africa,South Africa,English,Yes,Part-Time
66c76288e4208814ee87e929,666ef47a3c46f416b49b63b4,APPROVED,Not Applicable,2024-08-22T16:08:40.437000Z,2024-08-22T16:34:40.227000Z,2024-08-22T19:19:06.699000Z,2024-08-22T16:34:47.232525Z,1560.0,CWG3GR62,61,Yes,Undergraduate degree (BA/BSc/other),"English, Polish",21,Male,White,Poland,Poland,Poland,Polish,Yes,Other
66c76294145bbfd208723a67,615ebee41627a65c85ccb4b6,APPROVED,Not Applicable,2024-08-22T16:08:52.106000Z,2024-08-22T16:39:17.282000Z,2024-08-22T19:19:06.918000Z,2024-08-22T16:39:17.908479Z,1826.0,CWG3GR62,573,Yes,Technical/community college,English,27,Male,Black,South Africa,South Africa,South Africa,English,Yes,Full-Time
66c763020e573e7401f0cc67,660d8785249023610cc02782,APPROVED,Not Applicable,2024-08-22T16:10:42.981000Z,2024-08-22T16:39:53.213000Z,2024-08-22T19:19:07.150000Z,2024-08-22T16:40:20.059763Z,1751.0,CWG3GR62,52,Yes,Undergraduate degree (BA/BSc/other),English,23,Female,Black,South Africa,South Africa,South Africa,English,Yes,Unemployed (and job seeking)
66c7636550e158b51498ec55,66ae619a4e5b8ef6ce3a9592,APPROVED,Not Applicable,2024-08-22T16:12:21.497000Z,2024-08-22T16:43:49.097000Z,2024-08-22T19:19:07.377000Z,2024-08-22T16:43:50.060483Z,1888.0,CWG3GR62,11,Yes,Technical/community college,English,30,Male,Black,South Africa,South Africa,South Africa,English,Yes,Part-Time
66c7639f70159fab7f3c63a2,668417bedfe1e9cbc1acd12d,RETURNED,Not Applicable,2024-08-22T16:13:19.546000Z,,,2024-08-22T16:47:33.835842Z,,,52,CONSENT_REVOKED,CONSENT_REVOKED,CONSENT_REVOKED,CONSENT_REVOKED,CONSENT_REVOKED,CONSENT_REVOKED,CONSENT_REVOKED,CONSENT_REVOKED,CONSENT_REVOKED,CONSENT_REVOKED,CONSENT_REVOKED,CONSENT_REVOKED
66c763bfe4208814ee87e944,66a9285501ac98053902d481,APPROVED,Not Applicable,2024-08-22T16:13:51.157000Z,2024-08-22T16:36:26.729000Z,2024-08-22T19:19:07.611000Z,2024-08-22T16:36:27.474259Z,1356.0,CWG3GR62,13,Yes,Undergraduate degree (BA/BSc/other),"English, Polish",21,Male,White,Poland,Poland,Poland,Polish,Yes,Part-Time
66c763cf663cc523e4ecfd2c,65e0995f73a6334e2e77bae2,APPROVED,Not Applicable,2024-08-22T16:14:07.551000Z,2024-08-22T16:53:09.006000Z,2024-08-22T19:19:07.834000Z,2024-08-22T16:55:54.328600Z,2342.0,CWG3GR62,168,Yes,Graduate degree (MA/MSc/MPhil/other),"Arabic, Czech, Chinese, Dutch, English, French, German, Greek, Hebrew, Hindi, Indonesian, Italian, Japanese, Malay, Nepali, Polish, Portuguese, Russian, Scots, Spanish, Swedish, Swahili, Thai, Turkish, Ukrainian, Mandarin, Punjabi",23,Female,Black,South Africa,South Africa,South Africa,English,Yes,Full-Time
66c763dc374487fe5552dfa6,5883a935c0c9a10001df6345,APPROVED,Not Applicable,2024-08-22T16:14:20.743000Z,2024-08-22T16:35:38.999000Z,2024-08-22T19:19:08.100000Z,2024-08-22T16:35:39.685120Z,1279.0,CWG3GR62,347,Yes,Undergraduate degree (BA/BSc/other),English,29,Male,White,Spain,Spain,Spain,Spanish,Yes,Unemployed (and job seeking)
66c76451ba8f4c503afba3da,66b76c1a8425a6fff0ac88d7,APPROVED,Not Applicable,2024-08-22T16:16:24.940000Z,2024-08-22T16:51:12.068000Z,2024-08-22T19:19:08.337000Z,2024-08-22T16:55:09.711395Z,2088.0,CWG3GR62,10,Yes,Undergraduate degree (BA/BSc/other),"Afrikaans, English",23,Female,White,South Africa,South Africa,South Africa,English,Yes,Other
66c7645ad050cb400962f3f1,669ce242ca3a8872c5816a30,APPROVED,Not Applicable,2024-08-22T16:18:54.265000Z,2024-08-22T16:45:16.347000Z,2024-08-22T19:19:08.565000Z,2024-08-22T16:45:17.055023Z,1583.0,CWG3GR62,224,Yes,Undergraduate degree (BA/BSc/other),English,23,Male,Mixed,United States,United States,United States,English,Yes,Unemployed (and job seeking)
66c764db6c8f87a588911192,66572cbfe634272a5ca59126,APPROVED,Not Applicable,2024-08-22T16:18:35.308000Z,2024-08-22T16:42:45.503000Z,2024-08-22T19:19:08.808000Z,2024-08-22T17:45:10.221639Z,1451.0,CWG3GR62,80,Yes,Undergraduate degree (BA/BSc/other),"Afrikaans, Chinese, Belarusian, English, Japanese, Polish, Norwegian, Somali, Swahili",25,Male,Black,South Africa,South Africa,South Africa,English,Yes,Full-Time
66c7651c435bbf0de6dffef8,63d19839498b3afe724b69d6,APPROVED,Not Applicable,2024-08-22T16:19:40.755000Z,2024-08-22T16:56:25.227000Z,2024-08-22T19:19:09.060000Z,2024-08-22T16:56:41.890838Z,2205.0,CWG3GR62,1046,Yes,Graduate degree (MA/MSc/MPhil/other),"Arabic, English",30,Male,Black,Nigeria,United Kingdom,Nigeria,English,No,Full-Time
66c7655be7e8a3075e6d16ab,66a10ee324798443ec5599d0,RETURNED,Not Applicable,2024-08-22T16:20:43.073000Z,2024-08-22T16:22:26.081000Z,,2024-08-22T16:36:59.507743Z,,NOCODE,78,CONSENT_REVOKED,CONSENT_REVOKED,CONSENT_REVOKED,CONSENT_REVOKED,CONSENT_REVOKED,CONSENT_REVOKED,CONSENT_REVOKED,CONSENT_REVOKED,CONSENT_REVOKED,CONSENT_REVOKED,CONSENT_REVOKED,CONSENT_REVOKED
66c767530f2ca9be498f42b5,62d6d87d91cf24a3c1c0f10c,APPROVED,Not Applicable,2024-08-22T16:29:15.225000Z,2024-08-22T16:48:08.325000Z,2024-08-22T19:19:09.393000Z,2024-08-22T16:48:09.014130Z,1134.0,CWG3GR62,944,Yes,Undergraduate degree (BA/BSc/other),English,37,Male,White,United Kingdom,United Kingdom,United Kingdom,English,Yes,Full-Time
66c768ba2f2ce55676e68e9a,5c41f9ce4fe4f800016dfaac,APPROVED,Not Applicable,2024-08-22T16:35:06.049000Z,2024-08-22T17:02:47.748000Z,2024-08-22T19:19:09.633000Z,2024-08-22T17:05:26.712790Z,1662.0,CWG3GR62,885,Yes,Undergraduate degree (BA/BSc/other),English,29,Male,Mixed,South Africa,South Africa,South Africa,English,Yes,Full-Time
66c76990bc6436d45faec498,5ea991e5de1f1009185eedeb,APPROVED,Not Applicable,2024-08-22T16:38:50.052000Z,2024-08-22T16:51:00.239000Z,2024-08-22T19:19:09.848000Z,2024-08-22T16:55:10.440691Z,731.0,CWG3GR62,201,Yes,Undergraduate degree (BA/BSc/other),"English, Gaelic",23,Male,White,Ireland,Ireland,Ireland,English,Yes,Unemployed (and job seeking)
66c76990fed22bc9e1ebc2a9,588ab33542c8e900019d02ae,APPROVED,Not Applicable,2024-08-22T16:38:45.753000Z,2024-08-22T17:03:25.807000Z,2024-08-22T19:19:10.076000Z,2024-08-22T17:06:08.282704Z,1481.0,CWG3GR62,363,Yes,Graduate degree (MA/MSc/MPhil/other),English,28,Male,DATA_EXPIRED,United States,United States,United States,English,Yes,Full-Time
66c769914f1b95ba7c554e08,5ede636d21cf560bf7aeb29f,APPROVED,Not Applicable,2024-08-22T16:38:44.467000Z,2024-08-22T16:58:21.294000Z,2024-08-22T19:19:10.293000Z,2024-08-22T16:58:22.227610Z,1177.0,CWG3GR62,639,Yes,Graduate degree (MA/MSc/MPhil/other),"English, Portuguese",23,Female,White,Portugal,Portugal,Portugal,Portuguese,Yes,Part-Time
66c76992726ae7cd5cea0110,66b8bfa65a301eacdfb5be9d,APPROVED,Not Applicable,2024-08-22T16:40:15.696000Z,2024-08-22T17:06:40.453000Z,2024-08-22T19:19:10.532000Z,2024-08-22T17:06:41.115556Z,1585.0,CWG3GR62,1,Yes,Undergraduate degree (BA/BSc/other),English,23,Male,Black,South Africa,South Africa,South Africa,English,Yes,Full-Time
66c76993552f532cf0929fdd,614de6895ac2892842f52ec7,APPROVED,Not Applicable,2024-08-22T16:38:54.406000Z,2024-08-22T16:56:20.153000Z,2024-08-22T19:19:10.766000Z,2024-08-22T16:56:41.683623Z,1046.0,CWG3GR62,669,Yes,Technical/community college,English,44,Male,White,United States,United States,United States,English,Yes,Unemployed (and job seeking)
66c769946a7d558cda144c1e,662bb6c220a542059b9aa73e,APPROVED,Not Applicable,2024-08-22T16:39:42.454000Z,2024-08-22T17:01:09.100000Z,2024-08-22T19:19:11.004000Z,2024-08-22T17:03:30.711673Z,1287.0,CWG3GR62,29,Yes,Undergraduate degree (BA/BSc/other),"Croatian, English",20,Male,White,Croatia,Croatia,Croatia,Croatian,Yes,Unemployed (and job seeking)
66c76994d03eddcad2010ea4,668879821dc098c1127b2b5e,REJECTED,Not Applicable,2024-08-22T16:39:04.121000Z,2024-08-22T17:12:25.622000Z,2024-08-22T19:08:06.596000Z,2024-08-22T21:11:36.474145Z,2002.0,CWG3GR62,82,CONSENT_REVOKED,CONSENT_REVOKED,CONSENT_REVOKED,CONSENT_REVOKED,CONSENT_REVOKED,CONSENT_REVOKED,CONSENT_REVOKED,CONSENT_REVOKED,CONSENT_REVOKED,CONSENT_REVOKED,CONSENT_REVOKED,CONSENT_REVOKED
66c769958e03c0cece5f5398,6691784d5927750bc9b630e3,REJECTED,Not Applicable,2024-08-22T16:39:34.739000Z,2024-08-22T16:55:22.790000Z,2024-08-22T19:09:38.375000Z,2024-08-22T21:11:36.550731Z,949.0,NOCODE,19,CONSENT_REVOKED,CONSENT_REVOKED,CONSENT_REVOKED,CONSENT_REVOKED,CONSENT_REVOKED,CONSENT_REVOKED,CONSENT_REVOKED,CONSENT_REVOKED,CONSENT_REVOKED,CONSENT_REVOKED,CONSENT_REVOKED,CONSENT_REVOKED
66c769958fe1f89bf9820676,6651e43d2a4b4b2a1b2cd2c7,APPROVED,Not Applicable,2024-08-22T16:38:45.824000Z,2024-08-22T17:06:32.931000Z,2024-08-22T19:19:11.929000Z,2024-08-22T17:06:35.103077Z,1668.0,CWG3GR62,90,Yes,Undergraduate degree (BA/BSc/other),"English, Urdu",19,Male,Asian,Pakistan,Canada,Canada,English,Yes,Unemployed (and job seeking)
66c769a451c16b93d9e2352e,615db68d9d021708b6e64603,APPROVED,Not Applicable,2024-08-22T16:39:00.136000Z,2024-08-22T17:05:59.048000Z,2024-08-22T19:19:12.264000Z,2024-08-22T17:06:33.076807Z,1619.0,CWG3GR62,407,Yes,Undergraduate degree (BA/BSc/other),English,21,Male,Black,South Africa,South Africa,South Africa,English,Yes,Due to start a new job within the next month
66c769b54bd3e4eb36942c58,66aceb55b0fcfc71015a016b,APPROVED,Not Applicable,2024-08-22T16:39:51.838000Z,2024-08-22T17:23:10.113000Z,2024-08-22T19:19:12.548000Z,2024-08-22T18:07:45.720182Z,2599.0,NOCODE,24,Yes,Graduate degree (MA/MSc/MPhil/other),"English, Afrikaans, Russian, German, Chinese",33,Female,Black,South Africa,South Africa,South Africa,English,Yes,Full-Time
66c769da764213af209bedb5,6106be7d513dcab805d524b8,APPROVED,Not Applicable,2024-08-22T16:39:54.379000Z,2024-08-22T17:03:17.543000Z,2024-08-22T19:19:12.829000Z,2024-08-22T17:06:06.512956Z,1404.0,CWG3GR62,58,Yes,Undergraduate degree (BA/BSc/other),English,24,Female,Black,South Africa,South Africa,South Africa,English,Yes,DATA_EXPIRED
66c76a850f062176e257d7f1,66a0fffefd1a9637cb7e624d,APPROVED,Not Applicable,2024-08-22T16:42:45.593000Z,2024-08-22T17:18:02.350000Z,2024-08-22T19:19:13.147000Z,2024-08-22T17:18:03.166649Z,2117.0,CWG3GR62,51,Yes,Graduate degree (MA/MSc/MPhil/other),"Afrikaans, English, French, German, Swahili",36,Female,Black,South Africa,South Africa,South Africa,English,Yes,Unemployed (and job seeking)
66c76ac50e361a36c23de465,6658cde9512e51fc8120daaf,APPROVED,Not Applicable,2024-08-22T16:43:49.308000Z,2024-08-22T17:13:53.681000Z,2024-08-22T19:19:13.468000Z,2024-08-22T17:14:59.037650Z,1805.0,CWG3GR62,120,Yes,Graduate degree (MA/MSc/MPhil/other),English,29,Male,Black,Nigeria,United Kingdom,Nigeria,English,Yes,Full-Time
66c76b1ce72f40eee8a23d7e,66ae2a21915bde402f570746,APPROVED,Not Applicable,2024-08-22T16:45:16.826000Z,2024-08-22T17:24:26.010000Z,2024-08-22T19:19:13.761000Z,2024-08-22T17:26:22.316172Z,2350.0,CWG3GR62,3,Yes,Doctorate degree (PhD/other),"Afrikaans, Czech, English, Esperanto, German, Greek, Indonesian, Italian, Mandarin, Vietnamese, Arabic, Laotian, Macedonian, Norwegian, Polish, Portuguese, Swedish, Ukrainian, Bengali",22,Female,Black,South Africa,South Africa,South Africa,English,Yes,Full-Time
66c76bc8a10544319dd634de,5f90003b2e9d4a02514a9928,APPROVED,Not Applicable,2024-08-22T16:48:08.344000Z,2024-08-22T17:02:43.633000Z,2024-08-22T19:19:14.068000Z,2024-08-22T17:05:23.529220Z,876.0,CWG3GR62,622,Yes,Undergraduate degree (BA/BSc/other),"English, Italian",31,Male,White,Italy,Italy,Italy,Italian,No,Full-Time
66c76c7478dccb404006af04,66951f866ea3aff1ef6564df,APPROVED,Not Applicable,2024-08-22T16:51:00.311000Z,2024-08-22T17:41:09.888000Z,2024-08-22T19:19:14.405000Z,2024-08-22T17:41:39.557841Z,3010.0,CWG3GR62,21,Yes,Undergraduate degree (BA/BSc/other),English,22,Male,White,South Africa,South Africa,South Africa,English,Yes,Full-Time
66c76c800ef51f29ddd696dc,668159ce8b60de379354b0ee,APPROVED,Not Applicable,2024-08-22T16:51:12.158000Z,2024-08-22T17:24:28.871000Z,2024-08-22T19:19:14.714000Z,2024-08-22T17:26:28.676757Z,1997.0,CWG3GR62,301,Yes,Technical/community college,English,22,Male,Black,DATA_EXPIRED,United States,United States,English,Yes,Part-Time
66c76cf5f02291df3ea5da63,6687fc35905d2651fc0f22db,APPROVED,Not Applicable,2024-08-22T16:53:09.246000Z,2024-08-22T17:18:33.955000Z,2024-08-22T19:19:14.998000Z,2024-08-22T17:18:34.987213Z,1525.0,CWG3GR62,17,Yes,Graduate degree (MA/MSc/MPhil/other),English,22,Male,Black,South Africa,South Africa,South Africa,English,No,Full-Time
66c76d7a87f9e57e31bb6a9d,6672bf56d51710391ce2164d,APPROVED,Not Applicable,2024-08-22T16:55:22.793000Z,2024-08-22T17:10:59.288000Z,2024-08-22T19:19:15.286000Z,2024-08-22T17:11:00.667008Z,937.0,CWG3GR62,504,Yes,Doctorate degree (PhD/other),"English, Hebrew, Other",51,Male,White,United States,United States,United States,English,No,Full-Time
66c76db9be2888345ac9702e,65674610daf3a434229864aa,APPROVED,Not Applicable,2024-08-22T16:56:40.785000Z,2024-08-22T17:19:05.229000Z,2024-08-22T19:19:15.623000Z,2024-08-22T17:19:07.189157Z,1345.0,CWG3GR62,69,Yes,Undergraduate degree (BA/BSc/other),"Afrikaans, English",26,Male,Black,South Africa,South Africa,South Africa,English,Yes,Part-Time
66c76dba3c323c1264c9b297,66ae2dd6488350b28059766d,APPROVED,Not Applicable,2024-08-22T16:56:39.874000Z,2024-08-22T17:18:01.660000Z,2024-08-22T19:19:15.948000Z,2024-08-22T17:18:02.662144Z,1282.0,CWG3GR62,14,Yes,Undergraduate degree (BA/BSc/other),English,27,Female,Black,South Africa,South Africa,South Africa,English,Yes,Unemployed (and job seeking)
66c76e2dee005f60da10a231,65e1c9842aa80c2ecbb5469a,APPROVED,Not Applicable,2024-08-22T16:58:21.316000Z,2024-08-22T17:27:16.451000Z,2024-08-22T19:19:16.227000Z,2024-08-22T17:27:17.343337Z,1736.0,CWG3GR62,87,Yes,Undergraduate degree (BA/BSc/other),"Afrikaans, Dutch, English, French, German, Portuguese",28,Female,Black,South Africa,South Africa,South Africa,English,Yes,Full-Time
66c76ed5f33fa06b8fac077c,6690bb1aac6ca29d3ed7f68a,APPROVED,Not Applicable,2024-08-22T17:01:36.806000Z,2024-08-22T17:38:39.469000Z,2024-08-22T19:19:16.579000Z,2024-08-22T17:39:19.946626Z,2223.0,CWG3GR62,58,Yes,Undergraduate degree (BA/BSc/other),"Czech, Danish, English, German, Korean, Portuguese, Russian, Spanish, Swedish, Turkish, Polish, Japanese, Italian, Indonesian, Hungarian, French, Finnish, Dutch, Chinese, Arabic",34,Female,Mixed,South Africa,South Africa,South Africa,English,Yes,Part-Time
66c76f33a4cda1e4db7dcdaf,6676fab6295042ff191ead64,APPROVED,Not Applicable,2024-08-22T17:02:43.826000Z,2024-08-22T17:25:51.651000Z,2024-08-22T19:19:16.865000Z,2024-08-22T17:26:59.898709Z,1388.0,CWG3GR62,426,Yes,Doctorate degree (PhD/other),English,28,Male,White,United States,United States,United States,English,Yes,Part-Time
66c76f37bda0a633155f54b0,6154e16c9500b0262bbcabaa,APPROVED,Not Applicable,2024-08-22T17:02:47.856000Z,2024-08-22T17:20:47.887000Z,2024-08-22T19:19:17.794000Z,2024-08-22T17:20:48.579872Z,1081.0,CWG3GR62,243,Yes,Graduate degree (MA/MSc/MPhil/other),"Portuguese, English",28,Male,White,Portugal,Portugal,Portugal,Portuguese,Yes,Full-Time
66c76f56532f63aa46dad863,5bf01b3e2a9d2c00013ddc2a,APPROVED,Not Applicable,2024-08-22T17:03:18.078000Z,2024-08-22T17:54:50.241000Z,2024-08-22T19:19:18.082000Z,2024-08-22T17:56:48.830325Z,3093.0,CWG3GR62,620,Yes,Graduate degree (MA/MSc/MPhil/other),"Catalan, German, Spanish, English",29,Female,White,Spain,Spain,Spain,Spanish,Yes,Unemployed (and job seeking)
66c76f5f01fd9674a3062cb8,66a79fce251c3b3fedb04d16,APPROVED,Not Applicable,2024-08-22T17:04:27.504000Z,2024-08-22T17:44:03.239000Z,2024-08-22T19:19:18.352000Z,2024-08-22T17:45:04.190649Z,2376.0,CWG3GR62,8,Yes,Undergraduate degree (BA/BSc/other),English,20,Male,Black,South Africa,South Africa,South Africa,Other,Yes,Part-Time
66c76ff79ec4b65a23f7beec,661edf4754050983341bc938,APPROVED,Not Applicable,2024-08-22T17:05:59.055000Z,2024-08-22T17:31:07.908000Z,2024-08-22T19:19:18.726000Z,2024-08-22T18:07:23.745713Z,1509.0,CWG3GR62,76,Yes,Graduate degree (MA/MSc/MPhil/other),"English, French, Spanish",33,Female,White,Chile,Chile,Chile,Spanish,Yes,Unemployed (and job seeking)
66c7701a6f004bceb581982c,667ad64d18cb4de26d0909c1,APPROVED,Not Applicable,2024-08-22T17:06:34.810000Z,2024-08-22T17:34:41.956000Z,2024-08-22T19:19:19.061000Z,2024-08-22T17:34:48.152600Z,1688.0,CWG3GR62,36,Yes,Graduate degree (MA/MSc/MPhil/other),"English, Farsi",24,Male,Other,Iran,Canada,Iran,Farsi,Yes,Unemployed (and job seeking)
66c77020fed22bc9e1ebc3dc,66b274c9c39e8e5057bcfaf6,APPROVED,Not Applicable,2024-08-22T17:06:40.885000Z,2024-08-22T17:35:48.857000Z,2024-08-22T19:19:19.350000Z,2024-08-22T17:35:49.631249Z,1748.0,CWG3GR62,49,Yes,Undergraduate degree (BA/BSc/other),"English, Other",20,Male,Black,Nigeria,United States,Nigeria,English,Yes,Unemployed (and job seeking)
66c77128b01a6da1a3c9a228,65c23d4dbad7238169292b54,APPROVED,Not Applicable,2024-08-22T17:16:10.451000Z,2024-08-22T17:39:02.968000Z,2024-08-22T19:19:19.651000Z,2024-08-22T17:39:53.739207Z,1373.0,CWG3GR62,117,Yes,Undergraduate degree (BA/BSc/other),"Dutch, English",18,Male,Mixed,Netherlands,Netherlands,Netherlands,Dutch,Yes,Unemployed (and job seeking)
66c7717978dccb404006afd2,6107d7bfd20be2d2087d034e,APPROVED,Not Applicable,2024-08-22T17:12:25.654000Z,2024-08-22T17:35:14.547000Z,2024-08-22T19:19:19.965000Z,2024-08-22T17:35:15.108041Z,1369.0,CWG3GR62,174,Yes,Graduate degree (MA/MSc/MPhil/other),"Dutch, English, Polish",24,Female,White,Poland,Poland,Poland,Polish,Yes,Part-Time
66c771d2a4e6f6fd9ba1b799,665dcb0d2c9144ebe6c75d07,APPROVED,Not Applicable,2024-08-22T17:13:54.006000Z,2024-08-22T17:39:42.864000Z,2024-08-22T19:19:20.307000Z,2024-08-22T17:40:31.132856Z,1549.0,CWG3GR62,110,Yes,Undergraduate degree (BA/BSc/other),English,19,Female,Asian,Canada,Canada,Canada,English,Yes,Part-Time
66c772c91eecfd8ef3c808bb,6692c4a45c72455b31b5e216,APPROVED,Not Applicable,2024-08-22T17:18:01.758000Z,2024-08-22T17:42:43.988000Z,2024-08-22T19:19:20.579000Z,2024-08-22T17:44:46.220702Z,1483.0,CWG3GR62,25,Yes,Graduate degree (MA/MSc/MPhil/other),"English, Other",21,Female,Black,South Africa,South Africa,South Africa,English,Yes,Part-Time
66c772ca3f304737a33de61c,6666fd6833451d2fdd8ee719,APPROVED,Not Applicable,2024-08-22T17:18:15.786000Z,2024-08-22T17:49:53.016000Z,2024-08-22T19:19:20.898000Z,2024-08-22T17:49:53.718016Z,1898.0,CWG3GR62,39,Yes,Undergraduate degree (BA/BSc/other),"English, Other",30,Female,Black,South Africa,South Africa,South Africa,English,Yes,Full-Time
66c772eaff688a70ac25a3bd,66671c6d172e7dea42c76225,APPROVED,Not Applicable,2024-08-22T17:18:34.210000Z,2024-08-22T17:41:31.367000Z,2024-08-22T19:19:21.186000Z,2024-08-22T17:43:44.788301Z,1378.0,CWG3GR62,108,Yes,Undergraduate degree (BA/BSc/other),English,35,Male,Mixed,Canada,Canada,Canada,English,Yes,Full-Time
66c77309897643327aab483b,660eafee7515c432e850362d,APPROVED,Not Applicable,2024-08-22T17:19:18.910000Z,2024-08-22T17:54:32.761000Z,2024-08-22T19:19:21.414000Z,2024-08-22T17:56:42.572670Z,2114.0,CWG3GR62,78,Yes,Graduate degree (MA/MSc/MPhil/other),English,30,Female,Mixed,South Africa,South Africa,South Africa,English,Yes,Other
66c773705540ba575f3a2041,6583057b3b2b137608cbaa52,APPROVED,Not Applicable,2024-08-22T17:20:48.095000Z,2024-08-22T17:47:51.631000Z,2024-08-22T19:19:21.642000Z,2024-08-22T17:47:52.604735Z,1624.0,CWG3GR62,65,Yes,Undergraduate degree (BA/BSc/other),"Czech, English",22,Male,White,Czech Republic,Czech Republic,Czech Republic,Czech,Yes,Other
66c773fef2aad6a837f3c24a,5e35373e1ddb124e6c306747,APPROVED,Not Applicable,2024-08-22T17:23:10.252000Z,2024-08-22T17:55:10.175000Z,2024-08-22T19:19:21.864000Z,2024-08-22T17:57:06.271864Z,1920.0,CWG3GR62,2694,Yes,Undergraduate degree (BA/BSc/other),English,48,Female,White,United Kingdom,United Kingdom,United Kingdom,English,Yes,Full-Time
66c7744b13883af46a0fed1a,6129dca465e41b5ae1b262da,RETURNED,Not Applicable,2024-08-22T17:24:51.643000Z,,,2024-08-22T21:11:36.652537Z,,,473,CONSENT_REVOKED,CONSENT_REVOKED,CONSENT_REVOKED,CONSENT_REVOKED,CONSENT_REVOKED,CONSENT_REVOKED,CONSENT_REVOKED,CONSENT_REVOKED,CONSENT_REVOKED,CONSENT_REVOKED,CONSENT_REVOKED,CONSENT_REVOKED
66c7a94ea28271ab4a439c61,66b8ffcab6a358181e9865cc,APPROVED,Not Applicable,2024-08-22T21:12:35.343000Z,2024-08-22T21:35:46.481000Z,2024-08-22T21:41:46.588000Z,2024-08-22T21:35:47.078450Z,1392.0,CWG3GR62,12,Yes,Undergraduate degree (BA/BSc/other),"English, French",19,Female,White,Canada,Canada,Canada,English,Yes,Part-Time
66c7a950e57715a0e723e630,66ba08ae50bac2bbfa96393c,APPROVED,Not Applicable,2024-08-22T21:11:06.777000Z,2024-08-22T21:32:44.688000Z,2024-08-22T21:35:09.588000Z,2024-08-22T21:33:08.713536Z,1298.0,CWG3GR62,79,Yes,Undergraduate degree (BA/BSc/other),English,20,Female,Asian,China,United States,United States,Chinese,Yes,Part-Time
66c7a9513d292dbdd6a371f5,66c5d45cdff269f2ff18fbc7,APPROVED,Not Applicable,2024-08-22T21:10:54.112000Z,2024-08-22T21:40:57.038000Z,2024-08-22T21:42:12.883000Z,2024-08-22T21:42:18.414814Z,1803.0,CWG3GR62,2,Yes,Undergraduate degree (BA/BSc/other),"English, Hungarian",20,Male,White,Hungary,Hungary,Hungary,English,Yes,Unemployed (and job seeking)
66c7a95191bfc35ac07b193c,6565f95a13586fa869dd3d3d,APPROVED,Not Applicable,2024-08-22T21:10:41.169000Z,2024-08-22T21:43:22.199000Z,2024-08-22T21:43:53.109000Z,2024-08-22T21:43:22.801533Z,1962.0,CWG3GR62,145,Yes,Graduate degree (MA/MSc/MPhil/other),English,45,Female,Black,South Africa,South Africa,South Africa,Other,Yes,Part-Time
66c7a952551f80a1d3ea48fa,63df609cf58947e964792bb6,APPROVED,Not Applicable,2024-08-22T21:11:04.820000Z,2024-08-22T21:27:44.164000Z,2024-08-22T21:28:18.098000Z,2024-08-22T21:27:44.780244Z,1000.0,CWG3GR62,2335,Yes,Technical/community college,English,22,Female,Mixed,United States,United States,United States,English,Yes,Unemployed (and job seeking)
66c7a9536520d3c3301f16e1,60e2ebb6ad1d5ee0e515a7c5,APPROVED,Not Applicable,2024-08-22T21:10:50.735000Z,2024-08-22T21:59:50.975000Z,2024-08-22T22:02:30.716000Z,2024-08-22T21:59:51.639224Z,2941.0,CWG3GR62,509,Yes,Undergraduate degree (BA/BSc/other),English,23,Female,Black,South Africa,South Africa,South Africa,English,Yes,Other
66c7a95385f3e4d63468c11c,6662fad2c34b3fe1216951ae,APPROVED,Not Applicable,2024-08-22T21:12:06.597000Z,2024-08-22T21:36:44.856000Z,2024-08-22T21:41:27.026000Z,2024-08-22T21:36:45.456485Z,1479.0,CWG3GR62,180,Yes,Undergraduate degree (BA/BSc/other),English,22,Female,Black,Nigeria,United Kingdom,Nigeria,English,Yes,Part-Time
66c7a953e046f709df382a95,65a9346ad1f231c46618a067,APPROVED,Not Applicable,2024-08-22T21:10:46.690000Z,2024-08-22T21:39:08.207000Z,2024-08-22T21:40:32.772000Z,2024-08-22T21:39:08.783182Z,1702.0,CWG3GR62,210,Yes,Undergraduate degree (BA/BSc/other),"French, English, Russian",30,Female,White,Uzbekistan,France,Uzbekistan,Russian,DATA_EXPIRED,DATA_EXPIRED
66c7a9543b9affd400853544,66539487195bfe168f78bcc1,APPROVED,Not Applicable,2024-08-22T21:10:50.630000Z,2024-08-22T21:47:06.452000Z,2024-08-22T21:48:30.244000Z,2024-08-22T21:47:07.091449Z,2176.0,CWG3GR62,94,Yes,Graduate degree (MA/MSc/MPhil/other),"English, German, French, Spanish",39,Male,Black,Kenya,Kenya,Kenya,English,Yes,Part-Time
66c7a954d03eddcad201184c,5d453e8723a5bb0001492546,APPROVED,Not Applicable,2024-08-22T21:10:44.360000Z,2024-08-22T21:52:15.591000Z,2024-08-22T21:54:17.752000Z,2024-08-22T21:53:33.238590Z,2492.0,CWG3GR62,3956,Yes,Undergraduate degree (BA/BSc/other),English,30,Male,White,United States,United States,United States,English,Yes,Full-Time
66c7a955d574088c9092a98a,5fa562e3b58abe00096ee2d4,APPROVED,Not Applicable,2024-08-22T21:10:51.177000Z,2024-08-22T21:38:58.449000Z,2024-08-22T21:40:57.999000Z,2024-08-22T21:38:59.162173Z,1688.0,CWG3GR62,418,Yes,Undergraduate degree (BA/BSc/other),"English, Spanish",30,Female,White,United States,United States,United States,English,Yes,Full-Time
66c7a99010837ea9f4127110,66691c947dbe16591483d288,APPROVED,Not Applicable,2024-08-22T21:12:00.475000Z,2024-08-22T21:47:34.216000Z,2024-08-22T21:49:56.051000Z,2024-08-22T21:47:35.008561Z,2134.0,CWG3GR62,86,Yes,Undergraduate degree (BA/BSc/other),"English, Swahili, Dutch",21,Male,Black,Kenya,Canada,Canada,English,Yes,Part-Time
66c7aa331a8e310da27b1977,60338f35010951035cca4a91,APPROVED,Not Applicable,2024-08-22T21:14:41.350000Z,2024-08-22T21:43:13.846000Z,2024-08-22T21:43:34.247000Z,2024-08-22T21:43:14.455621Z,1713.0,CWG3GR62,706,Yes,Graduate degree (MA/MSc/MPhil/other),"English, Portuguese",23,Female,White,Portugal,Portugal,Portugal,Portuguese,Yes,Full-Time
66c7abf8e6fb8506943987df,6650b4ea2a3f1ad209dc4673,APPROVED,Not Applicable,2024-08-22T21:22:22.819000Z,2024-08-22T21:34:12.255000Z,2024-08-22T21:36:23.779000Z,2024-08-22T21:34:13.751424Z,710.0,CWG3GR62,163,Yes,Undergraduate degree (BA/BSc/other),"English, German",28,Male,White,Germany,Germany,Germany,German,Yes,Other
66c7ac73a28271ab4a439ccb,65f3b9b0a622d1c75930b1df,APPROVED,Not Applicable,2024-08-22T21:24:08Z,2024-08-22T21:33:57.046000Z,2024-08-22T21:36:24.146000Z,2024-08-22T21:34:07.682555Z,590.0,CWG3GR62,237,Yes,Graduate degree (MA/MSc/MPhil/other),English,36,Male,Black,United States,United States,United States,English,Yes,Part-Time
66c7ac743b9affd4008535ac,60b7b8126c0c4524e913236e,APPROVED,Not Applicable,2024-08-22T21:24:04.492000Z,2024-08-22T21:57:36.983000Z,2024-08-22T21:58:43.557000Z,2024-08-22T21:58:00.952675Z,2013.0,CWG3GR62,921,Yes,Graduate degree (MA/MSc/MPhil/other),"Portuguese, English",24,Male,White,United States,Portugal,United States,Portuguese,Yes,Full-Time
66c7ac754c64c892c12ba22a,66a51aaea123a32824a9ad94,APPROVED,Not Applicable,2024-08-22T21:24:25.330000Z,2024-08-22T21:58:40.761000Z,2024-08-22T21:59:07.723000Z,2024-08-22T21:58:41.461511Z,2056.0,CWG3GR62,8,Yes,Undergraduate degree (BA/BSc/other),"English, Other",19,Female,Black,South Africa,South Africa,South Africa,Other,Yes,Unemployed (and job seeking)
66c7ac7584b18501e7d42211,66acd8f19ef89c9d42d14542,APPROVED,Not Applicable,2024-08-22T21:24:05.025000Z,2024-08-22T21:52:36.752000Z,2024-08-22T21:54:36.067000Z,2024-08-22T21:53:36.084236Z,1712.0,CWG3GR62,21,Yes,Graduate degree (MA/MSc/MPhil/other),"English, Greek, German",25,Male,White,Greece,Germany,Greece,Greek,Yes,Part-Time
66c7ac98a9307e1e5c39fa79,668c0e49795ca86971f8f1bd,APPROVED,Not Applicable,2024-08-22T21:24:43.930000Z,2024-08-22T21:53:36.217000Z,2024-08-22T21:55:00.635000Z,2024-08-22T21:53:48.512044Z,1733.0,CWG3GR62,63,Yes,Undergraduate degree (BA/BSc/other),"English, Spanish",20,Male,White,United States,United States,United States,English,Yes,Other
66c7ad50824f8a00d18bf57b,66aa58447eb2a1dd78738314,APPROVED,Not Applicable,2024-08-22T21:28:49.281000Z,2024-08-22T22:05:25.654000Z,2024-08-22T22:06:11.721000Z,2024-08-22T22:07:16.751021Z,2197.0,CWG3GR62,39,Yes,Doctorate degree (PhD/other),"Afrikaans, Albanian, Amharic, Arabic, Armenian, Basque, Bengali, Burmese, Belarusian, Bulgarian, Catalan, Czech, Chinese, Croatian, Danish, Dari, Dzongkha, Dutch, English, Esperanto, Estonian, Faroese, Farsi, Finnish, Gaelic, French, Galician, German, Greek, Hebrew, Hindi, Hungarian, Icelandic, Indonesian, Inuktitut, Italian, Japanese, Khmer, Korean, Kurdish, Laotian, Latvian, Lappish, Lithuanian, Polish, Portuguese, Romanian, Maltese, Punjabi, Gujarati, Malayalam, Mandarin, Cantonese, Hakka, Twi, Papiamento, Vietnamese, Uzbek, Urdu, Ukrainian, Turkmen, Turkish, Thai, Tongan, Tamil, Tajik, Tagalog-Filipino, Swahili, Swedish, Spanish, Slovenian, Somali, Serbian, Russian, Scots",38,Female,Black,Zimbabwe,South Africa,Zimbabwe,English,Yes,Full-Time
66c7ae7c5db86f058939fbcc,65956ab743aa1e8fe002ba3b,APPROVED,Not Applicable,2024-08-22T21:32:44.716000Z,2024-08-22T21:49:49.672000Z,2024-08-22T21:50:44.408000Z,2024-08-22T21:52:12.618186Z,1025.0,CWG3GR62,222,Yes,Technical/community college,English,19,Male,Mixed,South Africa,South Africa,South Africa,English,Yes,Part-Time
66c7aed486593e7a3b124087,5ec14e5e02be0302c76de065,APPROVED,Not Applicable,2024-08-22T21:34:12.276000Z,2024-08-22T22:01:50.506000Z,2024-08-22T22:02:38.497000Z,2024-08-22T22:01:51.256531Z,1659.0,CWG3GR62,294,Yes,Undergraduate degree (BA/BSc/other),"Portuguese, English",23,Male,White,Portugal,Portugal,Portugal,Portuguese,Yes,Unemployed (and job seeking)
66c7aeea1833e3c828c83481,666c92d81ba9f19e7ff92b30,APPROVED,Not Applicable,2024-08-22T21:34:34.069000Z,2024-08-22T22:16:11.747000Z,2024-08-22T22:17:19.154000Z,2024-08-22T22:16:27.876238Z,2498.0,CWG3GR62,97,Yes,Graduate degree (MA/MSc/MPhil/other),English,28,Female,Black,Nigeria,United Kingdom,Nigeria,English,Yes,Part-Time
66c7af6cbc6436d45faecff6,66c49517542df956c9e67315,APPROVED,Not Applicable,2024-08-22T21:36:44.958000Z,2024-08-22T21:56:14.169000Z,2024-08-22T21:57:15.480000Z,2024-08-22T21:57:38.440949Z,1170.0,CWG3GR62,15,Yes,Undergraduate degree (BA/BSc/other),English,21,Male,White,United Kingdom,United Kingdom,United Kingdom,English,Yes,Full-Time
66c7aff2a080286c9ddc9ac1,666ee478eb02757ceba840e4,REJECTED,Not Applicable,2024-08-22T21:40:05.217000Z,2024-08-22T22:27:13.215000Z,2024-08-22T22:27:47.227000Z,2024-08-22T22:29:03.748129Z,2828.0,NOCODE,22,CONSENT_REVOKED,CONSENT_REVOKED,CONSENT_REVOKED,CONSENT_REVOKED,CONSENT_REVOKED,CONSENT_REVOKED,CONSENT_REVOKED,CONSENT_REVOKED,CONSENT_REVOKED,CONSENT_REVOKED,CONSENT_REVOKED,CONSENT_REVOKED
66c7affde7c6c21480c7af2f,66aa422e7db861629d0a7ddf,APPROVED,Not Applicable,2024-08-22T21:40:43.301000Z,2024-08-22T22:09:09.028000Z,2024-08-22T22:10:03.124000Z,2024-08-22T22:09:09.716839Z,1706.0,CWG3GR62,31,Yes,Undergraduate degree (BA/BSc/other),English,23,Male,Black,Nigeria,United Kingdom,Nigeria,English,Yes,Unemployed (and job seeking)
66c7b0697a1ca032a6695068,66a7befcf3b5e244a0370b0a,APPROVED,Not Applicable,2024-08-22T21:40:57.261000Z,2024-08-22T22:17:27.200000Z,2024-08-22T22:20:22.768000Z,2024-08-22T22:17:27.814052Z,2190.0,CWG3GR62,25,Yes,Undergraduate degree (BA/BSc/other),English,20,Male,Black,Nigeria,United Kingdom,Nigeria,English,Yes,Part-Time
66c7b0f2415769449f195b13,667d6c72dc229aa56ea3a950,APPROVED,Not Applicable,2024-08-22T21:43:28.731000Z,2024-08-22T22:30:09.267000Z,2024-08-22T22:31:54.326000Z,2024-08-22T22:30:10.316790Z,2801.0,CWG3GR62,69,Yes,Undergraduate degree (BA/BSc/other),"English, Afrikaans, Arabic, Armenian, Bengali, Belarusian, Burmese, Czech, Chinese, Croatian, Danish, Dari, Dutch, Esperanto, Estonian, Farsi, Faroese, Finnish, French, Gaelic, Galician, German, Greek, Hebrew, Hindi, Hungarian, Icelandic, Indonesian, Inuktitut, Italian, Japanese, Korean, Kurdish, Laotian, Latvian, Lappish, Lithuanian, Macedonian, Malay, Nepali, Maltese, Pashto, Norwegian, Polish, Portuguese, Romanian, Russian, Serbian, Somali, Spanish, Swedish, Tagalog-Filipino, Swahili, Tamil, Thai, Tongan, Turkish, Turkmen, Ukrainian, Urdu, Uzbek, Welsh, Vietnamese, Telugu, Papiamento, Cantonese, Mandarin, Hakka, Malayalam, Gujarati, Punjabi, Other",23,Female,Black,South Africa,South Africa,South Africa,English,Yes,Full-Time
66c7b0fa551f80a1d3ea49f3,66a8f89fcfa42e362cacd7e8,APPROVED,Not Applicable,2024-08-22T21:43:22.194000Z,2024-08-22T22:11:55.809000Z,2024-08-22T22:13:48.673000Z,2024-08-22T22:11:56.522646Z,1714.0,CWG3GR62,24,Yes,Undergraduate degree (BA/BSc/other),English,23,Male,Black,Nigeria,United Kingdom,Nigeria,English,Yes,Part-Time
66c7b1e044a294036bde588b,5ebb96b6cd673a0008ace9ce,APPROVED,Not Applicable,2024-08-22T21:48:01.311000Z,2024-08-22T22:11:41.993000Z,2024-08-22T22:12:28.924000Z,2024-08-22T22:11:42.963475Z,1421.0,CWG3GR62,4921,Yes,Undergraduate degree (BA/BSc/other),English,27,Male,Asian,United States,United States,United States,Bengali,Yes,"Not in paid work (e.g. homemaker', 'retired or disabled)"
66c7b1f61338b36dd951d224,5eece6c66db5540c7b43648d,APPROVED,Not Applicable,2024-08-22T21:47:34.267000Z,2024-08-22T22:10:29.686000Z,2024-08-22T22:12:11.701000Z,2024-08-22T22:10:31.525197Z,1376.0,CWG3GR62,280,Yes,Undergraduate degree (BA/BSc/other),"English, Spanish, German",19,Male,Mixed,Mexico,Mexico,Mexico,English,DATA_EXPIRED,Other
66c7b2830634e43c927dd80d,65c7e8ec2fc3afbaa35438e2,APPROVED,Not Applicable,2024-08-22T21:49:59.479000Z,2024-08-22T22:17:34.286000Z,2024-08-22T22:19:54.749000Z,2024-08-22T22:17:35.026235Z,1655.0,CWG3GR62,84,Yes,Undergraduate degree (BA/BSc/other),"English, Hungarian",21,Female,White,Hungary,Hungary,Hungary,Hungarian,Yes,Due to start a new job within the next month
66c7b30f551f80a1d3ea4a3d,6659dda471d3f20143d34d67,APPROVED,Not Applicable,2024-08-22T21:52:15.592000Z,2024-08-22T22:14:39.785000Z,2024-08-22T22:19:01.275000Z,2024-08-22T22:15:43.152661Z,1345.0,CWG3GR62,71,Yes,Undergraduate degree (BA/BSc/other),English,18,Male,Black,South Africa,South Africa,South Africa,English,Yes,Other
66c7b360fd44cec557c54323,66b13946112dd72d6a8c3b76,APPROVED,Not Applicable,2024-08-22T21:54:40.596000Z,2024-08-22T22:28:39.809000Z,2024-08-22T22:29:14.425000Z,2024-08-22T22:29:14.676177Z,2040.0,CWG3GR62,16,Yes,Undergraduate degree (BA/BSc/other),English,21,Female,White,United Kingdom,United Kingdom,United Kingdom,English,Yes,Part-Time
66c7b3feb9e3317b5f439e7c,669b7ea61c9cf30a26bb52d6,APPROVED,Not Applicable,2024-08-22T21:56:14.326000Z,2024-08-22T22:15:22.456000Z,2024-08-22T22:18:04.684000Z,2024-08-22T22:16:05.275585Z,1149.0,CWG3GR62,98,Yes,Graduate degree (MA/MSc/MPhil/other),"English, French",24,Female,Black,France,United Kingdom,France,English,Yes,Full-Time
66c7b4510c6694fc2e94361b,66637151ca524e63c5de3157,APPROVED,Not Applicable,2024-08-22T22:00:25.312000Z,2024-08-22T22:23:57.576000Z,2024-08-22T22:25:04.076000Z,2024-08-22T22:23:58.199731Z,1413.0,CWG3GR62,51,Yes,Graduate degree (MA/MSc/MPhil/other),"English, Other",21,Female,Black,South Africa,South Africa,South Africa,English,Yes,Part-Time
66c7b493ae346ef62f9f9fc1,66a798cd38e1f3e6496d5bde,APPROVED,Not Applicable,2024-08-22T21:58:43.073000Z,2024-08-22T22:48:52.330000Z,2024-08-22T22:50:13.943000Z,2024-08-22T22:48:56.407857Z,3010.0,CWG3GR62,0,Yes,Undergraduate degree (BA/BSc/other),"Chinese, Dutch, English, French, German, Spanish",23,Female,Mixed,South Africa,South Africa,South Africa,Afrikaans,Yes,Unemployed (and job seeking)
66c7b54e07371671126cac4b,667ac4dcd237965bb30cb0d0,APPROVED,Not Applicable,2024-08-22T22:01:50.548000Z,2024-08-22T22:36:54.744000Z,2024-08-22T22:39:06.688000Z,2024-08-22T22:39:57.449472Z,2105.0,CWG3GR62,157,Yes,Graduate degree (MA/MSc/MPhil/other),English,35,Male,Black,Nigeria,United Kingdom,United Kingdom,English,Yes,Part-Time
66c7b62bf90320cbed6cb089,5eb301466978290d5f284326,APPROVED,Not Applicable,2024-08-22T22:05:52.534000Z,2024-08-22T22:34:33.684000Z,2024-08-22T22:35:26.525000Z,2024-08-22T22:38:59.368704Z,1722.0,CWG3GR62,405,Yes,Technical/community college,"English, Polish",23,Male,White,Poland,Poland,Poland,Polish,Yes,Unemployed (and job seeking)
66c7ba4370875531ba911e7b,648b962b8fdb1fa686213ac1,APPROVED,Not Applicable,2024-08-22T22:22:59.325000Z,2024-08-22T22:42:43.270000Z,2024-08-22T22:43:34.862000Z,2024-08-22T22:42:43.889332Z,1184.0,CWG3GR62,351,Yes,Undergraduate degree (BA/BSc/other),"English, Spanish",24,Male,Mixed,Chile,Chile,Chile,Spanish,Yes,Part-Time
66c7ba9b7de7196e9cac1211,665c72701dc4663a1af519ba,APPROVED,Not Applicable,2024-08-22T22:24:33.626000Z,2024-08-22T22:47:55.234000Z,2024-08-22T22:49:23.493000Z,2024-08-22T22:48:09.522609Z,1402.0,CWG3GR62,38,Yes,Doctorate degree (PhD/other),"Afrikaans, Arabic, Catalan, Bulgarian, Chinese, Czech, Danish, Dutch, English, Esperanto, French, German, Finnish, Greek, Hindi, Hungarian, Hebrew, Indonesian, Japanese, Korean, Nepali, Portuguese, Polish, Russian, Serbian, Spanish, Swedish",66,Female,Black,South Africa,South Africa,South Africa,English,Yes,Part-Time
66c7badd134418ee874dd542,65ab079fde17d72bca5e774b,APPROVED,Not Applicable,2024-08-22T22:27:05.966000Z,2024-08-22T22:57:13.988000Z,2024-08-22T22:58:28.322000Z,2024-08-22T22:57:15.537934Z,1809.0,CWG3GR62,80,Yes,Graduate degree (MA/MSc/MPhil/other),"Spanish, English",18,Male,White,Mexico,Mexico,Mexico,Spanish,Yes,Part-Time
66c7bade2c83648041a46b3c,66bf25528e62080ff8342fcc,APPROVED,Not Applicable,2024-08-22T22:25:40.058000Z,2024-08-22T23:05:43.691000Z,2024-08-22T23:32:47.304000Z,2024-08-22T23:05:44.701624Z,2404.0,CWG3GR62,11,Yes,Undergraduate degree (BA/BSc/other),English,23,Male,Mixed,United Kingdom,United Kingdom,United Kingdom,English,Yes,Full-Time
66c7bade4be472a56ff5efd7,5dacaea50cd3ff0016e3f493,APPROVED,Not Applicable,2024-08-22T22:25:33.999000Z,2024-08-22T22:44:40.634000Z,2024-08-22T22:46:07.604000Z,2024-08-22T22:47:05.323876Z,1147.0,CWG3GR62,132,Yes,Graduate degree (MA/MSc/MPhil/other),"Polish, English",20,Male,White,Poland,Poland,Poland,Polish,Yes,"Not in paid work (e.g. homemaker', 'retired or disabled)"
66c7badf4c64c892c12ba3ae,5f84e472052cf81ae5752252,APPROVED,Not Applicable,2024-08-22T22:25:40.402000Z,2024-08-22T22:57:51.286000Z,2024-08-22T22:59:00.967000Z,2024-08-22T22:57:55.999745Z,1931.0,CWG3GR62,2729,Yes,Graduate degree (MA/MSc/MPhil/other),"English, French",33,Female,White,United Kingdom,United Kingdom,United Kingdom,English,Yes,Full-Time
66c7bb63b628b9b7fef004aa,6668715c876923ac0a82507b,APPROVED,Not Applicable,2024-08-22T22:27:54.295000Z,2024-08-22T22:59:28.827000Z,2024-08-22T23:00:35.946000Z,2024-08-22T22:59:29.363564Z,1895.0,CWG3GR62,135,Yes,Graduate degree (MA/MSc/MPhil/other),English,28,Male,Black,Nigeria,United Kingdom,Nigeria,English,Yes,Part-Time
66c7bc3210837ea9f4127428,667d08e12ac1bcbdd829a936,APPROVED,Not Applicable,2024-08-22T22:31:48.942000Z,2024-08-22T22:46:20.912000Z,2024-08-22T22:49:46.691000Z,2024-08-22T22:47:22.134348Z,872.0,CWG3GR62,297,Yes,Undergraduate degree (BA/BSc/other),English,20,Female,Asian,United States,United States,United States,English,Yes,Part-Time
66c7c17ddeb9839be868c42d,666b0b42bb6fa2822fa27a32,APPROVED,Not Applicable,2024-08-22T22:56:24.826000Z,2024-08-22T23:40:39.116000Z,2024-08-22T23:43:24.077000Z,2024-08-22T23:40:39.733709Z,2655.0,CWG3GR62,45,Yes,Graduate degree (MA/MSc/MPhil/other),English,23,Female,Black,South Africa,South Africa,South Africa,English,Yes,Full-Time
66c7c17eee24fd8d7912683a,6630daa019b7932ca293ab34,APPROVED,Not Applicable,2024-08-22T22:53:59.635000Z,2024-08-22T23:37:46.184000Z,2024-08-22T23:38:49.184000Z,2024-08-22T23:37:46.863859Z,2627.0,CWG3GR62,585,Yes,Graduate degree (MA/MSc/MPhil/other),English,42,Male,Black,United States,United States,United States,English,Yes,Part-Time
66c7c468a28271ab4a439ff8,66b030a3b56fc1387defa633,APPROVED,Not Applicable,2024-08-22T23:06:25.787000Z,2024-08-22T23:33:43.614000Z,2024-08-22T23:35:21.220000Z,2024-08-22T23:35:22.772191Z,1638.0,CWG3GR62,35,Yes,Undergraduate degree (BA/BSc/other),"German, English",24,Female,White,Germany,Germany,Germany,German,Yes,Part-Time
66c7c9eac8ac02ef06205301,663ae0d9ca6ba265c38397fe,APPROVED,Not Applicable,2024-08-22T23:30:29Z,2024-08-23T00:02:54.323000Z,2024-08-23T00:03:41.490000Z,2024-08-23T00:04:36.002789Z,1946.0,CWG3GR62,17,Yes,Graduate degree (MA/MSc/MPhil/other),English,30,Male,Black,Nigeria,United States,Nigeria,English,Yes,Part-Time
66c7d29ac18f5cccec398f14,65f03cac071873738667ccbb,APPROVED,Not Applicable,2024-08-23T00:07:37.372000Z,2024-08-23T00:36:49.031000Z,2024-08-23T00:37:52.488000Z,2024-08-23T00:36:49.684147Z,1752.0,CWG3GR62,54,Yes,Undergraduate degree (BA/BSc/other),"English, Vietnamese",22,Male,Asian,Vietnam,Vietnam,Vietnam,Vietnamese,Yes,Unemployed (and job seeking)
66c7d29ba443e01b4320bdf7,613730879059cf514f5d7221,APPROVED,Not Applicable,2024-08-23T00:07:02.422000Z,2024-08-23T00:39:22.921000Z,2024-08-23T00:44:04.183000Z,2024-08-23T00:39:23.933850Z,1941.0,CWG3GR62,38,Yes,Technical/community college,"Afrikaans, English, Other",24,Male,Black,South Africa,South Africa,South Africa,English,Yes,Part-Time
66c7d29ccdc9b144d269557b,6696a6337be7ecb02f6d554e,APPROVED,Not Applicable,2024-08-23T00:07:35.776000Z,2024-08-23T00:27:25.105000Z,2024-08-23T00:34:53.059000Z,2024-08-23T00:27:26.230152Z,1190.0,CWG3GR62,16,Yes,Undergraduate degree (BA/BSc/other),"English, Polish",21,Male,White,Poland,Poland,Poland,Polish,Yes,"Not in paid work (e.g. homemaker', 'retired or disabled)"
66c7d4027b6c5a9ef35ee3b5,669a68ec5e29092000ff4008,APPROVED,Not Applicable,2024-08-23T00:13:47.263000Z,2024-08-23T00:41:26.270000Z,2024-08-23T00:44:30.247000Z,2024-08-23T00:41:27.036825Z,1660.0,CWG3GR62,12,Yes,Graduate degree (MA/MSc/MPhil/other),"English, Portuguese",25,Male,White,Portugal,Portugal,Portugal,Portuguese,Yes,Part-Time
66c7df36163f3778a85ece81,656e57a72605815bfb770fd7,APPROVED,Not Applicable,2024-08-23T01:00:48.946000Z,2024-08-23T01:25:38.612000Z,2024-08-23T04:28:38.545000Z,2024-08-23T01:29:05.456174Z,1490.0,CWG3GR62,155,Yes,Undergraduate degree (BA/BSc/other),"Chinese, English, German",19,Female,Asian,China,Australia,China,Chinese,Yes,Unemployed (and job seeking)
66c80ffa5fe91922b15637eb,663bb62ffe083ca847014fbb,APPROVED,Not Applicable,2024-08-23T04:32:05.740000Z,2024-08-23T04:58:50.764000Z,2024-08-26T02:17:21.962000Z,2024-08-23T05:00:24.980356Z,1606.0,CWG3GR62,406,Yes,Doctorate degree (PhD/other),"English, Spanish, French",28,Male,Asian,United States,United States,United States,English,Yes,Full-Time
66c7a95010837ea9f4127109,65cc9e17c2344c910bbcb915,RETURNED,Not Applicable,2024-08-22T21:12:18.882000Z,,,,,,67,CONSENT_REVOKED,CONSENT_REVOKED,CONSENT_REVOKED,CONSENT_REVOKED,CONSENT_REVOKED,CONSENT_REVOKED,CONSENT_REVOKED,CONSENT_REVOKED,CONSENT_REVOKED,CONSENT_REVOKED,CONSENT_REVOKED,CONSENT_REVOKED
66c7a95257c3f04c634f46c1,5bc9f8b677740000016a08b5,RETURNED,Not Applicable,2024-08-22T21:10:46.358000Z,,,2024-08-22T21:11:36.953000Z,,,6833,CONSENT_REVOKED,CONSENT_REVOKED,CONSENT_REVOKED,CONSENT_REVOKED,CONSENT_REVOKED,CONSENT_REVOKED,CONSENT_REVOKED,CONSENT_REVOKED,CONSENT_REVOKED,CONSENT_REVOKED,CONSENT_REVOKED,CONSENT_REVOKED
66c7a9557189fbacbecd4732,5cff4ed26d6326001acf7022,REJECTED,Not Applicable,2024-08-22T21:10:49.509000Z,2024-08-22T21:20:04.378000Z,2024-08-22T21:21:55.550000Z,2024-08-22T21:21:37.724000Z,555.0,CWG3GR62,841,CONSENT_REVOKED,CONSENT_REVOKED,CONSENT_REVOKED,CONSENT_REVOKED,CONSENT_REVOKED,CONSENT_REVOKED,CONSENT_REVOKED,CONSENT_REVOKED,CONSENT_REVOKED,CONSENT_REVOKED,CONSENT_REVOKED,CONSENT_REVOKED
66c7ac723456466c8b13c182,6106ac34408681f3b0d07396,RETURNED,Not Applicable,2024-08-22T21:34:02.942000Z,,,,,,980,CONSENT_REVOKED,CONSENT_REVOKED,CONSENT_REVOKED,CONSENT_REVOKED,CONSENT_REVOKED,CONSENT_REVOKED,CONSENT_REVOKED,CONSENT_REVOKED,CONSENT_REVOKED,CONSENT_REVOKED,CONSENT_REVOKED,CONSENT_REVOKED
66c7ac732233dca3a5011ee7,5ddf074601fadfe804d466a2,RETURNED,Not Applicable,2024-08-22T21:29:07.681000Z,,,,,,387,CONSENT_REVOKED,CONSENT_REVOKED,CONSENT_REVOKED,CONSENT_REVOKED,CONSENT_REVOKED,CONSENT_REVOKED,CONSENT_REVOKED,CONSENT_REVOKED,CONSENT_REVOKED,CONSENT_REVOKED,CONSENT_REVOKED,CONSENT_REVOKED
66c7aec8ac8a9f0e492c19a6,667304d1f2a0c3f647ac0b4d,TIMED-OUT,Not Applicable,2024-08-22T21:35:02.013000Z,,,,276200.0,,23,Yes,Undergraduate degree (BA/BSc/other),"English, Other",20,Female,White,South Africa,South Africa,South Africa,English,Yes,Unemployed (and job seeking)
66c7af32218830fba9c544ba,66c3ee0c060ef644fe8cc051,REJECTED,Not Applicable,2024-08-22T21:36:49.269000Z,2024-08-22T22:22:07.887000Z,2024-08-22T22:22:52.837000Z,2024-08-22T22:22:09.061000Z,2719.0,NOCODE,16,CONSENT_REVOKED,CONSENT_REVOKED,CONSENT_REVOKED,CONSENT_REVOKED,CONSENT_REVOKED,CONSENT_REVOKED,CONSENT_REVOKED,CONSENT_REVOKED,CONSENT_REVOKED,CONSENT_REVOKED,CONSENT_REVOKED,CONSENT_REVOKED
66c7b324deb9839be868c26c,66450b26e41ace2d6384ef04,TIMED-OUT,Not Applicable,2024-08-22T21:52:36.806000Z,,,,275145.0,,127,Yes,Undergraduate degree (BA/BSc/other),English,60,Female,Black,United States,United States,United States,English,Yes,Part-Time
66c7b461a492406f6925ae0f,6655ebfe7ae504e7ac8a35d7,RETURNED,Not Applicable,2024-08-22T21:57:53.362000Z,,,,,,52,CONSENT_REVOKED,CONSENT_REVOKED,CONSENT_REVOKED,CONSENT_REVOKED,CONSENT_REVOKED,CONSENT_REVOKED,CONSENT_REVOKED,CONSENT_REVOKED,CONSENT_REVOKED,CONSENT_REVOKED,CONSENT_REVOKED,CONSENT_REVOKED
66c7b705a9307e1e5c39fbeb,66a644f9d242d86fbe64c6a2,TIMED-OUT,Not Applicable,2024-08-22T22:09:16.613000Z,,,,274146.0,,21,Yes,Undergraduate degree (BA/BSc/other),English,21,Male,Black,South Africa,South Africa,South Africa,English,Yes,Other
66c7badced2ad774709ee6ba,66a28f4d54e331f0445cef91,RETURNED,Not Applicable,2024-08-22T22:28:18.735000Z,,,,,,21,CONSENT_REVOKED,CONSENT_REVOKED,CONSENT_REVOKED,CONSENT_REVOKED,CONSENT_REVOKED,CONSENT_REVOKED,CONSENT_REVOKED,CONSENT_REVOKED,CONSENT_REVOKED,CONSENT_REVOKED,CONSENT_REVOKED,CONSENT_REVOKED
66c7bfc1a3b2922e6ed1df38,66856c717672b1258da90d6f,RETURNED,Not Applicable,2024-08-22T22:53:28.391000Z,,,,,,102,CONSENT_REVOKED,CONSENT_REVOKED,CONSENT_REVOKED,CONSENT_REVOKED,CONSENT_REVOKED,CONSENT_REVOKED,CONSENT_REVOKED,CONSENT_REVOKED,CONSENT_REVOKED,CONSENT_REVOKED,CONSENT_REVOKED,CONSENT_REVOKED
66c7c15877f72490b66eb659,669d39014799ac0cfd3a7135,RETURNED,Not Applicable,2024-08-22T22:53:17.541000Z,,,,,,30,CONSENT_REVOKED,CONSENT_REVOKED,CONSENT_REVOKED,CONSENT_REVOKED,CONSENT_REVOKED,CONSENT_REVOKED,CONSENT_REVOKED,CONSENT_REVOKED,CONSENT_REVOKED,CONSENT_REVOKED,CONSENT_REVOKED,CONSENT_REVOKED
66c7c17eebd82df1120637f6,614e82d5717d691f24efffc0,RETURNED,Not Applicable,2024-08-22T22:53:53.669000Z,2024-08-22T22:55:06.890000Z,2024-08-22T22:55:54.282000Z,2024-08-22T22:55:09.005000Z,,NOCODE,952,CONSENT_REVOKED,CONSENT_REVOKED,CONSENT_REVOKED,CONSENT_REVOKED,CONSENT_REVOKED,CONSENT_REVOKED,CONSENT_REVOKED,CONSENT_REVOKED,CONSENT_REVOKED,CONSENT_REVOKED,CONSENT_REVOKED,CONSENT_REVOKED
66c7c18c3466b8d0c5de5bb1,6663182fd9f3f8e243a441d2,RETURNED,Not Applicable,2024-08-22T22:54:18.684000Z,,,,,,45,CONSENT_REVOKED,CONSENT_REVOKED,CONSENT_REVOKED,CONSENT_REVOKED,CONSENT_REVOKED,CONSENT_REVOKED,CONSENT_REVOKED,CONSENT_REVOKED,CONSENT_REVOKED,CONSENT_REVOKED,CONSENT_REVOKED,CONSENT_REVOKED
66c7c1fece265b6ae851d343,5e42cb08290b86000cb6bcb1,RETURNED,Not Applicable,2024-08-22T23:05:58.096000Z,,,,,,328,CONSENT_REVOKED,CONSENT_REVOKED,CONSENT_REVOKED,CONSENT_REVOKED,CONSENT_REVOKED,CONSENT_REVOKED,CONSENT_REVOKED,CONSENT_REVOKED,CONSENT_REVOKED,CONSENT_REVOKED,CONSENT_REVOKED,CONSENT_REVOKED
66c7c2281a8e310da27b1cca,664fac266d114b13daa8751d,AWAITING REVIEW,Not Applicable,2024-08-22T22:56:45.074000Z,2024-08-22T23:09:26.673000Z,,2024-08-22T23:09:30.960000Z,762.0,NOCODE,60,Yes,Graduate degree (MA/MSc/MPhil/other),"French, English, Portuguese, Spanish",49,Female,White,Brazil,Portugal,Brazil,Portuguese,Yes,Part-Time
66c7c24cc63d3740c5a46a0f,66ba0c9bf26db3f44b274954,TIMED-OUT,Not Applicable,2024-08-22T22:59:11.376000Z,,,,271152.0,,13,Yes,Undergraduate degree (BA/BSc/other),English,30,Male,Black,Zimbabwe,South Africa,Zimbabwe,English,Yes,Part-Time
66c7c24edad6cd88c90fecbd,6604b1a8441e527fc9590694,RETURNED,Not Applicable,2024-08-22T22:57:18.037000Z,,,,,,167,CONSENT_REVOKED,CONSENT_REVOKED,CONSENT_REVOKED,CONSENT_REVOKED,CONSENT_REVOKED,CONSENT_REVOKED,CONSENT_REVOKED,CONSENT_REVOKED,CONSENT_REVOKED,CONSENT_REVOKED,CONSENT_REVOKED,CONSENT_REVOKED
66c7c28bf33f62d078c38d5a,668f0aa2dc96efe3c92449c9,RETURNED,Not Applicable,2024-08-22T22:58:25.213000Z,2024-08-22T22:59:30.931000Z,2024-08-22T22:59:52.736000Z,2024-08-22T22:59:31.604000Z,,NOCODE,59,CONSENT_REVOKED,CONSENT_REVOKED,CONSENT_REVOKED,CONSENT_REVOKED,CONSENT_REVOKED,CONSENT_REVOKED,CONSENT_REVOKED,CONSENT_REVOKED,CONSENT_REVOKED,CONSENT_REVOKED,CONSENT_REVOKED,CONSENT_REVOKED
66c7c2edf7cee20982816181,60fd6618f9a377f54dcdf318,RETURNED,Not Applicable,2024-08-22T23:00:21.764000Z,,,,,,7463,CONSENT_REVOKED,CONSENT_REVOKED,CONSENT_REVOKED,CONSENT_REVOKED,CONSENT_REVOKED,CONSENT_REVOKED,CONSENT_REVOKED,CONSENT_REVOKED,CONSENT_REVOKED,CONSENT_REVOKED,CONSENT_REVOKED,CONSENT_REVOKED
66c7c323465bb49bdc7e8b88,668e809461aae65c8a160e03,REJECTED,Not Applicable,2024-08-22T23:01:34.469000Z,2024-08-22T23:04:07.845000Z,2024-08-23T00:09:48.083000Z,2024-08-22T23:04:08.974000Z,154.0,NOCODE,32,CONSENT_REVOKED,CONSENT_REVOKED,CONSENT_REVOKED,CONSENT_REVOKED,CONSENT_REVOKED,CONSENT_REVOKED,CONSENT_REVOKED,CONSENT_REVOKED,CONSENT_REVOKED,CONSENT_REVOKED,CONSENT_REVOKED,CONSENT_REVOKED
66c7c407dad6cd88c90fed03,66a7e631233aebacf5d6c799,RETURNED,Not Applicable,2024-08-22T23:04:45.596000Z,,,,,,28,CONSENT_REVOKED,CONSENT_REVOKED,CONSENT_REVOKED,CONSENT_REVOKED,CONSENT_REVOKED,CONSENT_REVOKED,CONSENT_REVOKED,CONSENT_REVOKED,CONSENT_REVOKED,CONSENT_REVOKED,CONSENT_REVOKED,CONSENT_REVOKED
66c7d29f8aa0f38edc409a58,669c1ff536eeb8c957b7f1bf,RETURNED,Not Applicable,2024-08-23T00:10:59.506000Z,,,,,,24,CONSENT_REVOKED,CONSENT_REVOKED,CONSENT_REVOKED,CONSENT_REVOKED,CONSENT_REVOKED,CONSENT_REVOKED,CONSENT_REVOKED,CONSENT_REVOKED,CONSENT_REVOKED,CONSENT_REVOKED,CONSENT_REVOKED,CONSENT_REVOKED
66c7d35868bda788365edfd7,669ad24315fcf110f94bc0eb,RETURNED,Not Applicable,2024-08-23T00:13:43.151000Z,,,,,,20,CONSENT_REVOKED,CONSENT_REVOKED,CONSENT_REVOKED,CONSENT_REVOKED,CONSENT_REVOKED,CONSENT_REVOKED,CONSENT_REVOKED,CONSENT_REVOKED,CONSENT_REVOKED,CONSENT_REVOKED,CONSENT_REVOKED,CONSENT_REVOKED
66c7dbf95cb17b02296c4c36,600f9342e7bc5518fa9ca92a,REJECTED,Not Applicable,2024-08-23T00:47:12.603000Z,2024-08-23T00:57:56.753000Z,2024-08-23T00:58:24.092000Z,2024-08-23T00:57:57.591000Z,645.0,CWG3GR62,1721,CONSENT_REVOKED,CONSENT_REVOKED,CONSENT_REVOKED,CONSENT_REVOKED,CONSENT_REVOKED,CONSENT_REVOKED,CONSENT_REVOKED,CONSENT_REVOKED,CONSENT_REVOKED,CONSENT_REVOKED,CONSENT_REVOKED,CONSENT_REVOKED
66c7def9ce9d105ec1398351,5fd41bf508717e1833d8aed7,RETURNED,Not Applicable,2024-08-23T01:09:37.421000Z,,,,,,173,CONSENT_REVOKED,CONSENT_REVOKED,CONSENT_REVOKED,CONSENT_REVOKED,CONSENT_REVOKED,CONSENT_REVOKED,CONSENT_REVOKED,CONSENT_REVOKED,CONSENT_REVOKED,CONSENT_REVOKED,CONSENT_REVOKED,CONSENT_REVOKED
66c7df37f3e0571bfbe15270,664b5ad0ca5ae0fd34fb34e1,RETURNED,Not Applicable,2024-08-23T01:11:00.064000Z,,,,,,67,CONSENT_REVOKED,CONSENT_REVOKED,CONSENT_REVOKED,CONSENT_REVOKED,CONSENT_REVOKED,CONSENT_REVOKED,CONSENT_REVOKED,CONSENT_REVOKED,CONSENT_REVOKED,CONSENT_REVOKED,CONSENT_REVOKED,CONSENT_REVOKED
66c7e018f7cee20982816596,63d9bbe653e18c0a4e74f51f,REJECTED,Not Applicable,2024-08-23T01:04:29.369000Z,2024-08-23T01:37:14.525000Z,2024-08-23T04:28:19.557000Z,2024-08-23T01:39:28.717000Z,1966.0,CWG3GR62,2959,CONSENT_REVOKED,CONSENT_REVOKED,CONSENT_REVOKED,CONSENT_REVOKED,CONSENT_REVOKED,CONSENT_REVOKED,CONSENT_REVOKED,CONSENT_REVOKED,CONSENT_REVOKED,CONSENT_REVOKED,CONSENT_REVOKED,CONSENT_REVOKED
66c7e1a4a9307e1e5c3a0150,669e6ab3d902a646349804a6,RETURNED,Not Applicable,2024-08-23T01:11:40.025000Z,,,,,,24,CONSENT_REVOKED,CONSENT_REVOKED,CONSENT_REVOKED,CONSENT_REVOKED,CONSENT_REVOKED,CONSENT_REVOKED,CONSENT_REVOKED,CONSENT_REVOKED,CONSENT_REVOKED,CONSENT_REVOKED,CONSENT_REVOKED,CONSENT_REVOKED
66c80ffb16014b580a2c9d37,664aa4cbec281f77c751e00c,RETURNED,Not Applicable,2024-08-23T04:32:37.091000Z,,,,,,154,CONSENT_REVOKED,CONSENT_REVOKED,CONSENT_REVOKED,CONSENT_REVOKED,CONSENT_REVOKED,CONSENT_REVOKED,CONSENT_REVOKED,CONSENT_REVOKED,CONSENT_REVOKED,CONSENT_REVOKED,CONSENT_REVOKED,CONSENT_REVOKED
