db_type,img_name,mem,mem-why,int,int-why,tru,tru-why,emp,emp-why,aes,aes-why,itt,itt-why,cft,cft-why
Rand10_QPromptV3,COVID-1,6,Clear data presentation aids recall,5,"Familiar format, but lacks engagement",6,Data from WHO seems reliable,4,Limited personal connection to global data,5,"Clean design, but could be more visually appealing",6,Standard bar chart format is easy to understand,5,"Comfortable with the data presentation, but not emotionally invested"
Rand10_QPromptV3,COVID-1,5,"Simple layout helps memory, but may need more context",4,Basic design might not captivate interest,7,WHO as a source increases trustworthiness,3,May struggle to relate to global statistics,4,"Functional design, but lacks visual flair",5,"Bar charts are familiar, but might need explanation",4,Neutral comfort level due to potentially overwhelming information
Rand10_QPromptV3,COVID-1,5,Easy to remember key points for business insights,6,Relevant data for understanding global market trends,6,Reputable source increases confidence in data,5,May relate to data for business decision-making,4,Functional but not visually striking,6,Straightforward presentation of data,5,"Comfortable with the information, but may desire more detail"
Rand10_QPromptV3,COVID-1,7,Simple data structure aligns with coding mindset,6,Intriguing global data sparks curiosity,5,"Trusts the source, but may question data collection methods",3,May find it hard to personally connect with global statistics,6,"Appreciates the clean, minimalist design",7,Logical data presentation appeals to analytical thinking,6,Feels at ease with the straightforward data visualization
Rand10_QPromptV3,COVID-1,4,"Basic design aids recall, but may need more context",5,Data on global health crisis could be engaging,6,WHO as a source provides credibility,4,May struggle to relate to global statistics,3,Functional but not visually engaging,5,"Simple format, but may need explanation",4,Neutral comfort due to potentially concerning health data
Rand10_QPromptV3,COVID-2,6,Easy to recall due to clear data presentation,5,Relevant but not particularly exciting for a tech professional,7,Data from a reputable source with clear citation,5,Moderate empathy due to societal impact,6,Clean design with effective use of color,7,Clear layout and intuitive progression of data,6,Familiar with such data presentations
Rand10_QPromptV3,COVID-2,5,Somewhat memorable but may require effort to recall details,6,Intriguing due to its relevance to current events,6,Appears credible with cited source,7,High empathy due to concern for children's health,5,Functional design but not exceptionally pleasing,5,May require some time to fully comprehend,5,Slightly overwhelmed by the amount of data
Rand10_QPromptV3,COVID-2,4,Moderately memorable but not directly related to their business,5,Interesting but not immediately applicable to their work,6,Trustworthy due to official source citation,4,Limited personal connection to the data,5,Adequate design for information presentation,6,Relatively easy to understand the trend,5,Neutral comfort level with the chart
Rand10_QPromptV3,COVID-2,7,Easily remembered due to clear data visualization,7,Highly interesting for a student interested in data analysis,7,Trustworthy due to academic citation and reputable source,5,Moderate empathy due to age proximity to subjects,7,Visually appealing with effective use of color coding,7,Intuitive representation of data over time,7,Very comfortable with this type of chart
Rand10_QPromptV3,COVID-2,5,Somewhat memorable but may struggle with specific details,6,Interesting due to its relevance to children's health,6,Appears trustworthy with official source cited,7,High empathy due to concern for children's well-being,5,Functional design but not exceptionally attractive,4,May find the stacked bar format slightly confusing,4,Slightly uncomfortable due to the serious subject matter
Rand10_QPromptV3,COVID-3,6,Easy to recall US map with color coding,5,Relevant topic but presentation is basic,6,Reputable sources cited increase trustworthiness,5,Data relevant to tech industry's remote work trends,4,Functional design but not particularly aesthetic,6,Color legend makes interpretation straightforward,5,Familiar format but dense information may be overwhelming
Rand10_QPromptV3,COVID-3,5,Familiar US map format aids memory,6,Intriguing to see vaccination disparities across regions,7,Multiple credible sources cited increases confidence,4,Limited personal connection to nonmetro data,3,Basic design lacks visual appeal,5,Color coding helps but small areas are hard to discern,4,Informative but potentially overwhelming amount of data
Rand10_QPromptV3,COVID-3,4,"Basic map format, but details may be forgettable",5,Relevant for understanding customer demographics,6,Official sources increase credibility for business use,3,Limited direct relevance to most small businesses,3,Utilitarian design prioritizes function over form,4,"Color legend helps, but local details are difficult to interpret",4,Informative but not particularly engaging for non-specialists
Rand10_QPromptV3,COVID-3,7,Clear visual representation easy to recall,7,Combines coding interest with real-world data,5,"Sources seem official, but may not fully understand them",4,Interesting data but may not relate personally,5,Appreciates the data visualization technique,6,Color-coding and legend make interpretation clear,6,Enjoys exploring the data representation
Rand10_QPromptV3,COVID-3,5,Recognizable US map format aids recall,6,Relevant to family health decisions,6,Multiple official sources cited increase trust,5,Concerned about vaccination rates affecting family,3,Functional but not visually appealing,5,"Color coding is helpful, but some areas are unclear",4,Informative but may feel overwhelming with young children
Rand10_QPromptV3,COVID-4,6,The pie chart format is memorable for tech-savvy users.,5,The topic is relevant but presentation is fairly standard.,6,Data seems credible with specific percentages provided.,5,The global nature may resonate with their international outlook.,6,Clean design with a cohesive color scheme is visually appealing.,7,Pie chart is an intuitive format for showing proportions.,6,The familiar chart type and relevant topic feel comfortable.
Rand10_QPromptV3,COVID-4,7,Simple pie chart format is easy to remember for older adults.,6,The global health topic is likely to be of high interest.,7,Official-looking presentation lends credibility.,6,May empathize with health concerns across different countries.,5,Design is clear but not particularly artistic or innovative.,6,"Pie chart is generally intuitive, though percentages help clarity.",7,Familiar chart type on an important topic feels very comfortable.
Rand10_QPromptV3,COVID-4,5,Chart is somewhat memorable but not exceptionally so.,4,Topic may be interesting but not directly business-related.,6,Data presentation appears professional and trustworthy.,4,May not strongly relate to the global health statistics.,5,Design is clean and professional but not outstanding.,6,Pie chart format is intuitive for showing proportions.,5,Chart is clear but may not evoke strong comfort or discomfort.
Rand10_QPromptV3,COVID-4,5,Basic pie chart is memorable but not highly engaging for tech-savvy youth.,6,Global health topic likely interesting to socially aware teens.,5,Data seems credible but source isn't cited.,4,May not strongly relate to the global health statistics.,6,Modern color scheme and clean design are visually appealing.,7,Pie chart is very intuitive for showing proportions.,5,Familiar chart type but topic may feel somewhat distant.
Rand10_QPromptV3,COVID-4,6,Simple format makes the information easy to remember.,7,Health topic highly relevant to family-focused individual.,6,Presentation seems official and trustworthy.,7,Likely to empathize strongly with global health concerns.,5,Design is clear but not particularly creative.,6,"Pie chart is intuitive, though some may find percentages helpful.",7,Important health information presented clearly feels very comfortable.
Rand10_QPromptV3,COVID-5,6,Clear data visualization aids memory,5,Relevant but not particularly exciting for tech focus,7,CDC source lends credibility,6,Data relates to public health concerns,6,Clean design with effective color gradient,7,Easy to understand trend over time,6,Familiar with similar data presentations
Rand10_QPromptV3,COVID-5,7,"Simple, clear presentation aids retention",6,Intriguing historical data on pandemic,7,Trusts CDC as reputable source,7,Concerned about health implications for age group,5,"Appreciates clarity, could be more visually appealing",6,Straightforward time-based graph,5,Worried by increasing trend
Rand10_QPromptV3,COVID-5,5,Memorable but not business-focused,4,"Interesting, but not directly relevant to business",6,Official CDC data seems reliable,5,Considers potential impact on business operations,5,"Professional look, but not particularly striking",6,Time-based data is familiar concept,4,"Concerned about implications, not fully comfortable"
Rand10_QPromptV3,COVID-5,7,Clear visual representation aids memory,7,Finds data trends and visualization interesting,6,Recognizes CDC as credible source,4,May not personally relate to hospitalization concerns,7,Appreciates color gradient and clean design,7,Intuitive representation of data over time,6,Familiar with graph format from coding experience
Rand10_QPromptV3,COVID-5,6,Clear presentation helps retention,5,Relevant but concerning content,7,Trusts CDC as reliable information source,7,Worried about family health implications,5,"Clean design, but subject matter is unsettling",6,Easy to understand timeline and trend,4,Uncomfortable with rising hospitalization rates
Rand10_QPromptV3,COVID-6,6,Easy to recall key data points,5,Informative but not particularly exciting,6,Data seems official and well-presented,4,Limited personal connection to global data,6,Clean and colorful design,5,Layout is clear but dense with information,5,Familiar with pie charts but data is concerning
Rand10_QPromptV3,COVID-6,5,Memorable but complex for quick recall,6,Intriguing global perspective on COVID-19,7,Appears to be from a reputable source,5,Can relate to the global impact shown,5,Colorful but slightly overwhelming,4,Takes time to fully understand all aspects,4,Informative but slightly uncomfortable with the topic
Rand10_QPromptV3,COVID-6,4,Too much information to easily remember,5,Relevant to global business concerns,6,Looks like official data presentation,3,Limited direct relevance to small business,5,Professional appearance but busy,4,Requires careful study to interpret fully,4,Informative but not directly applicable to business
Rand10_QPromptV3,COVID-6,7,Clear data structure appeals to coding mindset,7,Fascinating display of global data,5,Seems credible but would want to know the source,4,Interesting but not personally relatable,7,Appreciates the systematic color coding and layout,6,Logical presentation of data,6,Enjoys analyzing the data relationships
Rand10_QPromptV3,COVID-6,4,"Complex information, hard to quickly memorize",5,Interesting but concerning global information,6,Appears to be from a reliable source,5,Can relate to the health concerns represented,5,Neat presentation but a bit overwhelming,3,Takes effort to fully comprehend,3,Unsettling due to the serious nature of the data
Rand10_QPromptV3,COVID-7,6,Clear data visualization,7,Relevant to current trends,6,Reputable source cited,5,Data relates to global impact,6,Clean design and color scheme,7,Easy to understand timeline,6,Familiar with similar charts
Rand10_QPromptV3,COVID-7,5,Straightforward presentation,6,Shows important historical data,7,Trusted source (Statista),4,May feel concerned about rising cases,5,Simple and uncluttered design,6,Clear comparison between US and EU,5,Informative but potentially worrying
Rand10_QPromptV3,COVID-7,5,Easy to grasp key information,6,Relevant to business planning,6,Data from reliable source,5,May impact business decisions,6,Professional appearance,7,Clear trend visualization,5,Useful but concerning for future
Rand10_QPromptV3,COVID-7,7,Visually appealing data representation,7,Intriguing comparison of regions,6,Credible data source,4,May not personally relate to data,7,Attractive design and color use,6,Intuitive timeline and scale,6,Interesting from a data perspective
Rand10_QPromptV3,COVID-7,5,Clearly presented information,6,Relevant to family health concerns,7,Reputable source for information,6,Directly impacts family safety decisions,5,"Simple, non-distracting design",6,Easy to follow timeline,5,Informative but potentially anxiety-inducing
Rand10_QPromptV3,COVID-8,6,Clear visual representation aids memory,7,Comparative data on global pandemic response is intriguing,6,Data from reputable sources increases trustworthiness,5,Relates to global health crisis but not personally,6,Clean design with effective use of color and size,7,Easy to understand at a glance,6,"Familiar with data visualization, feels at ease"
Rand10_QPromptV3,COVID-8,5,Simple layout helps retention but many numbers to recall,6,Provides interesting global perspective on pandemic,5,Trusts data but unsure about all sources,4,Limited personal connection to most countries shown,5,Appreciates neat layout but finds it a bit clinical,6,Clear presentation of information,5,Understands chart but some unfamiliarity with subject
Rand10_QPromptV3,COVID-8,5,Memorable format but focus on other countries less relevant,5,Interesting for global context but not directly applicable,5,Appears factual but unsure about data collection methods,3,Limited relevance to small business operations,6,"Clean, professional design appealing for business mindset",6,Easy to grasp main points quickly,5,Informative but not directly related to business needs
Rand10_QPromptV3,COVID-8,7,Visual representation of data aligns with coding interests,7,Engaging way to present pandemic data across countries,6,Reputable sources cited increase credibility,5,Interesting from data perspective but limited personal impact,7,Appreciates the design and color scheme,7,Clear and logical presentation of information,6,Comfortable with data visualization format
Rand10_QPromptV3,COVID-8,5,Simple design aids recall but many details to remember,6,Provides interesting global context for pandemic,5,Trusts information but unsure about all data sources,6,Concerned about health implications for family,5,Clean design but could be more visually engaging,5,Understandable but some terms may be unfamiliar,4,Informative but raises concerns about health situation
Rand10_QPromptV3,COVID-9,6,The chart's timeline format is memorable,6,The color-coding and trends are intriguing,7,"Data sources are cited, enhancing credibility",5,The global pandemic impact is relatable,6,The color scheme and layout are visually appealing,7,The column representation is easy to understand,6,The familiar topic and clear presentation are comforting
Rand10_QPromptV3,COVID-9,5,The overall trend is easy to recall,5,The changing patterns over time are engaging,6,The reputable sources increase trustworthiness,6,The chart reflects a shared global experience,5,The color choices are pleasant but could be bolder,6,The weekly column format is straightforward,5,The information is clear but the topic may cause concern
Rand10_QPromptV3,COVID-9,6,The chart's structure aids memory retention,5,The data presentation is informative for business insights,7,The cited sources add credibility,5,The global trend may relate to business challenges,6,The professional design aligns with business standards,6,The legend clearly explains the color coding,6,The chart provides valuable information in an accessible format
Rand10_QPromptV3,COVID-9,7,The visual representation makes the data memorable,7,The color-coded timeline is captivating,6,The data sources enhance reliability,4,The global scale may feel distant to a student,7,The design is modern and visually striking,7,The column-based timeline is easy to follow,6,The clear presentation of complex data is reassuring
Rand10_QPromptV3,COVID-9,5,The overall trend is easy to remember,5,The changing patterns over time are somewhat interesting,6,The reputable sources increase trust,6,The global impact relates to family health concerns,5,The design is clean but could be more engaging,5,The weekly columns are understandable but dense,5,The information is clear but the topic may cause worry
Rand10_QPromptV3,COVID-10,6,Clear data visualization,7,Alarming trend captures interest,6,Reputable source cited,5,Relates to health concerns,6,Clean design and color scheme,7,Easy to interpret timeline,6,Familiar chart type for tech user
Rand10_QPromptV3,COVID-10,5,Straightforward but some complexity,6,Concerning topic for older adults,7,Trusts official health data,4,Limited personal connection to pediatrics,5,Appreciates color contrast,6,Date axis is intuitive,5,Overwhelmed by data volume
Rand10_QPromptV3,COVID-10,4,Not business-focused design,5,Relevant to customer health concerns,6,Appears to be from credible source,3,Not directly related to business operations,5,Professional appearance,5,Timeline is clear but details complex,4,Outside usual business metrics
Rand10_QPromptV3,COVID-10,7,Visually appealing data representation,7,Dramatic trend sparks curiosity,5,Source seems legitimate,4,Limited personal experience with topic,7,Attractive color gradient and layout,6,Time-based data is relatable,6,Excited by data visualization potential
Rand10_QPromptV3,COVID-10,5,Clear but potentially overwhelming,7,Highly relevant to parental concerns,6,Trusts health organization data,7,Directly impacts concerns for children,5,Clean but serious design,5,Understandable but worrying trend,4,Anxious about implications for kids
Rand10_QPromptV3,COVID-11,6,The map's clear data presentation aligns with their tech-savvy nature,5,The data visualization is informative but not particularly exciting,7,The official source and detailed data inspire trust,5,They may relate to the data but not strongly empathize,6,The color scheme and layout are visually appealing,7,The map and legend make the information easy to understand,6,The familiar map format and clear data presentation feel comfortable
Rand10_QPromptV3,COVID-11,5,"The map is memorable, but some details might be overwhelming",6,The retired teacher would find the educational aspect interesting,7,The government source and detailed data appear trustworthy,6,They may empathize with the importance of vaccination for public health,5,The design is functional but not exceptionally pleasing,5,Some aspects may require explanation for full understanding,5,The information density might be slightly uncomfortable for them
Rand10_QPromptV3,COVID-11,4,The chart's complexity may make it less memorable for a busy business owner,5,The data could be relevant to local business operations,6,The official source lends credibility to the information,4,They may not strongly relate to the healthcare focus,5,The design is adequate but not exceptional,6,The map format makes the data distribution clear,5,The information is useful but not particularly comfortable or uncomfortable
Rand10_QPromptV3,COVID-11,7,The interactive element appeals to their coding interests,7,The combination of map and graph would be intriguing to explore,6,"The government source seems reliable, but they might question data collection methods",4,They may not strongly empathize with the healthcare focus,7,The clean design and color coding would appeal to their aesthetic sense,6,The legend and map make the data easy to interpret,6,The familiar map format and clear data presentation feel comfortable
Rand10_QPromptV3,COVID-11,5,The chart is informative but may not be easily remembered in detail,6,The health-related information would be of interest to a parent,7,The official source and comprehensive data appear highly trustworthy,6,"As a parent, they may empathize with the importance of vaccination",5,The design is functional but not exceptionally pleasing,5,Some aspects of the chart may require additional explanation,6,The health-related information provides a sense of security and comfort
Rand10_QPromptV3,COVID-12,6,"The chart uses a clear logarithmic scale, making it easy to remember the overall trends.",7,The comparison of different countries' trajectories is intriguing for a tech-savvy individual.,6,The source citation and methodology explanation lend credibility to the data.,5,"As someone in IT, they may relate to data-driven decision making shown in the chart.",5,"The chart design is clean and functional, appealing to a tech-oriented mindset.",6,The use of a logarithmic scale and clear labeling makes the chart intuitive to read.,6,The familiar topic and clear presentation would likely make them feel comfortable with the information.
Rand10_QPromptV3,COVID-12,5,"The overall message is memorable, but some details might be overwhelming for a retiree.",6,The global comparison and current event relevance would be interesting to an engaged retiree.,7,The reputable sources and clear methodology would appeal to a former educator.,6,"They may empathize with the global impact shown, especially regarding education closures.",4,The design is functional but might not be visually exciting for someone less tech-oriented.,4,The logarithmic scale might be less intuitive for someone not regularly working with such charts.,5,"The familiar topic would provide comfort, but the complexity might cause some hesitation."
Rand10_QPromptV3,COVID-12,5,"The key points are memorable, but details might be less relevant to a small business owner.",6,The global economic implications would be of interest to a business-minded individual.,6,"The credible sources would be appreciated, but they might seek more business-specific data.",5,"They may relate to the challenges faced by different countries, similar to business challenges.",5,The clean design would be appreciated from a professional standpoint.,5,"The overall trend is clear, but some nuances might require more careful examination.",6,The relevance to current events and potential business impact would provide a sense of comfort.
Rand10_QPromptV3,COVID-12,7,The visual representation of data would be highly memorable for a coding enthusiast.,7,The use of data to track a global phenomenon would be fascinating for a tech-interested student.,6,The clear sourcing and methodology would appeal to their analytical mindset.,4,They might find the data interesting but may not personally relate to the global impact.,6,"The clean, data-driven design would be visually appealing to a coding enthusiast.",7,The logical presentation of data would be very intuitive for someone interested in coding.,7,The combination of technology and current events would make them very comfortable with the chart.
Rand10_QPromptV3,COVID-12,5,"The overall message is memorable, but specific details might be less relevant to their interests.",5,"The global impact might be interesting, but they may be more focused on local implications.",6,The reputable sources would be reassuring for someone seeking reliable information.,6,They may strongly empathize with the impact on schools and communities shown in the chart.,4,The design is clear but might not be particularly exciting for someone not focused on data.,4,The logarithmic scale and multiple lines might be a bit complex for casual viewing.,5,"The relevance to current events would provide some comfort, but the complexity might be slightly overwhelming."
Rand10_QPromptV3,GlobalWarming-1,6,Easy to recall due to clear color coding,7,Highly relevant to tech industry's environmental concerns,6,Appears based on scientific data,5,Relates to global issues affecting tech,6,Visually striking color gradient,6,Color scale is intuitive,5,Informative but potentially concerning
Rand10_QPromptV3,GlobalWarming-1,5,"Color coding aids memory, but details may be overwhelming",6,Engaging topic for educational discussions,5,"Seems scientific, but source not provided",6,Connects with concerns about changing world,5,"Colorful, but may prefer simpler design",4,Requires some interpretation of color scale,4,Informative but potentially worrying
Rand10_QPromptV3,GlobalWarming-1,5,"Memorable overall pattern, details may blur",6,Relevant to business planning and customer trends,5,"Appears professional, source would help",5,Relates to global economic factors,5,"Visually appealing, but complex",5,"Color scale is logical, details need study",4,Informative but may cause concern for future
Rand10_QPromptV3,GlobalWarming-1,7,Visually striking and memorable,7,Fascinating for data-oriented mindset,6,"Looks scientific, would be curious about source",5,"Global issue, but personal impact less clear",7,Aesthetically pleasing use of color gradient,7,Intuitive color scale for temperature,6,Interesting data visualization
Rand10_QPromptV3,GlobalWarming-1,5,"Overall pattern memorable, details may overwhelm",5,Interesting but potentially concerning,5,"Looks official, source would increase trust",6,Relates to concerns for children's future,5,Colorful but intense,5,"Color scale makes sense, details need study",4,Informative but may cause worry
Rand10_QPromptV3,GlobalWarming-2,6,Easy to recall key trends,5,Relevant but not groundbreaking for tech industry,6,Data appears scientific and well-presented,5,Concerned about climate trends,6,Clean design with good color coding,5,Requires some analysis to fully grasp,6,Aligns with their interest in current trends
Rand10_QPromptV3,GlobalWarming-2,5,Clear presentation aids memory,6,Intriguing historical climate data,5,Appears to be from a reputable source,6,Relates to observed weather changes,5,Organized but could use more visual appeal,4,May require some explanation,5,Familiar chart type from teaching experience
Rand10_QPromptV3,GlobalWarming-2,4,Somewhat memorable but not striking,4,Interesting but not directly business-related,5,Seems to be based on official data,3,Limited personal connection to the topic,5,Neat and organized presentation,3,May find it complex to interpret quickly,4,"Neutral feeling, not particularly relevant to their needs"
Rand10_QPromptV3,GlobalWarming-2,6,Clear visual representation of data,7,Exciting for data visualization enthusiast,6,Appears to use reliable scientific data,5,Concerned about future climate implications,7,Appealing use of colors and layout,6,Logical organization of information,6,Aligned with interest in data and coding
Rand10_QPromptV3,GlobalWarming-2,4,Somewhat memorable but complex,5,Interesting topic for general knowledge,5,Looks like it's from a credible source,4,Moderate concern about climate impact,5,Neat presentation but could be simpler,3,May find it challenging to interpret quickly,4,"Neutral, not directly related to their primary interests"
Rand10_QPromptV3,GlobalWarming-3,6,Easy to recall due to clear color coding,5,Interesting but not groundbreaking for a tech-savvy person,6,Appears trustworthy with scientific data,5,Can relate to climate change impact,6,Clean design with good use of colors,5,"Mostly intuitive, but some complexity",5,Comfortable with data presentation
Rand10_QPromptV3,GlobalWarming-3,5,"Memorable due to color scheme, but complex",6,Intriguing for someone eager to learn,7,Trustworthy due to scientific appearance,4,May struggle to personally connect with global data,5,Aesthetically pleasing but busy,4,May find some aspects confusing,4,Slightly overwhelmed by information
Rand10_QPromptV3,GlobalWarming-3,4,Memorable elements but complex for non-experts,4,Interesting but not directly relevant to business,5,Appears credible but may not fully understand,3,Limited personal connection to global temperature data,5,Clean design but could be simplified,3,May find it challenging to interpret,4,Neutral comfort level due to complexity
Rand10_QPromptV3,GlobalWarming-3,7,Highly memorable due to coding interest,7,Very interesting for a tech-enthusiast,6,Trusts scientific data presentation,5,Can relate to environmental concerns,7,Appreciates the technical design,6,Intuitive for a coding enthusiast,6,Comfortable with data visualization
Rand10_QPromptV3,GlobalWarming-3,4,Memorable colors but complex information,5,Interesting but not directly relevant to parenting,6,Trusts scientific sources,4,Limited personal connection to global data,5,Visually appealing but busy,3,May find it difficult to interpret,4,Slightly uncomfortable due to complexity
Rand10_QPromptV3,GlobalWarming-4,6,Easy to recall due to clear segmentation,5,Relevant but not particularly exciting for a tech enthusiast,6,Appears to be from a credible source,5,Relates to global issues but not personally,5,"Simple design, could be more modern",7,Clear labels and percentages make it intuitive,6,"Familiar chart type, easy to understand"
Rand10_QPromptV3,GlobalWarming-4,5,"Simple design aids memory, but might forget exact percentages",6,Interesting topic for someone concerned about the environment,7,"Looks like official data, inspiring trust",6,Can relate to impact of daily activities on emissions,4,"Basic design, neither pleasing nor displeasing",6,Easy to understand but might need time to process percentages,5,"Comfortable with pie charts, but might prefer more context"
Rand10_QPromptV3,GlobalWarming-4,5,"Clear categories, but might not recall exact figures",6,Relevant for understanding business impact on environment,6,Appears to be from a reliable source,7,Directly relates to business operations and potential regulations,4,Functional but not visually striking,6,Easy to compare sector sizes at a glance,5,Informative but might prefer more business-focused presentation
Rand10_QPromptV3,GlobalWarming-4,7,"Simple structure easy to remember for a young, engaged mind",7,Intriguing data for a tech-savvy student interested in global issues,5,"Lacks citation, but appears professional",5,"Somewhat relatable, but may not see immediate personal impact",6,Clean design with a pleasing color palette,7,Straightforward presentation of data,6,"Familiar chart type, easy to interpret"
Rand10_QPromptV3,GlobalWarming-4,6,Clear categories make it memorable,5,Relevant but not directly related to parenting concerns,6,Looks official and trustworthy,4,Not directly related to daily parenting tasks,5,"Simple and clean, but not particularly exciting",6,Easy to understand the proportions,5,Informative but might prefer more household-related information
Rand10_QPromptV3,GlobalWarming-5,6,The tech-savvy millennial would find the chart memorable due to its clear trend.,5,"The visualization is moderately interesting, showing climate change impact.",6,The chart appears trustworthy with its detailed data points and trend line.,5,They can relate to the climate change narrative presented.,6,The color scheme and layout are visually appealing.,6,The chart is intuitive with its clear x and y axes.,6,The familiar topic and clean design would make them comfortable.
Rand10_QPromptV3,GlobalWarming-5,5,The retired teacher would find the chart somewhat memorable due to its simplicity.,6,"They would find the historical data interesting, especially given their background.",7,The chart's academic nature would appear highly trustworthy to them.,5,They can empathize with the long-term climate changes shown.,5,"The color scheme is pleasing, though they might prefer more contrast.",5,"The chart is fairly intuitive, but they might need time to interpret the scatter plot.",6,The familiar topic of temperature changes would make them comfortable.
Rand10_QPromptV3,GlobalWarming-5,4,The business owner might find the chart moderately memorable.,4,"They may find it somewhat interesting, but not directly relevant to their business.",5,The chart appears trustworthy due to its data-driven approach.,3,They might struggle to empathize with the chart's climate focus.,5,The aesthetics are pleasing but not particularly striking for them.,5,The chart is intuitive enough for basic understanding.,4,"They would feel neutral about the chart, given its limited business relevance."
Rand10_QPromptV3,GlobalWarming-5,7,The high school student would find the chart highly memorable due to its coding context.,7,They would be very interested in the data visualization technique used.,6,"The chart appears trustworthy, aligning with their scientific interests.",5,They can empathize with the climate change narrative.,7,The color scheme and design would be very appealing to them.,6,"The chart is intuitive, especially given their coding background.",7,They would feel very comfortable with the chart's technical nature.
Rand10_QPromptV3,GlobalWarming-5,4,The stay-at-home parent might find the chart somewhat memorable.,5,They may find the local climate trend interesting.,5,The chart appears trustworthy due to its scientific nature.,4,They can somewhat empathize with local temperature changes.,5,The aesthetics are pleasing but not particularly striking.,4,"The chart is moderately intuitive, but they might need some explanation.",5,They would feel reasonably comfortable with the familiar topic of local weather.
Rand10_QPromptV3,GlobalWarming-6,6,Easy to recall due to clear trends,5,Interesting but familiar to tech-savvy individual,6,Appears scientific and well-documented,5,Relatable due to climate change awareness,4,"Basic design, not particularly aesthetically pleasing",6,Intuitive layout and labeling,5,"Comfortable with data presentation, but concerning content"
Rand10_QPromptV3,GlobalWarming-6,5,"Memorable due to clear patterns, but may be complex",6,Intriguing for someone eager to learn about climate change,5,"Trustworthy, but may question data sources",4,Can empathize with environmental changes shown,3,May find design cluttered and hard to read,4,"Layout logical, but may need time to interpret",4,Neutral comfort level due to unfamiliarity with such charts
Rand10_QPromptV3,GlobalWarming-6,4,"Moderately memorable, but focus on business may limit recall",4,"Interesting, but not directly related to business concerns",5,"Appears credible, but may not be immediately relevant",3,Limited empathy due to focus on business metrics,3,"Basic design, not visually appealing for non-scientific audience",5,Reasonably intuitive for general trends,4,"Neutral comfort, as it's outside their usual area of focus"
Rand10_QPromptV3,GlobalWarming-6,7,Highly memorable due to clear data visualization,7,Very interesting for a coding enthusiast interested in data,6,"Trustworthy, aligns with scientific understanding",5,Can empathize with global issues presented,5,"Appreciates the clean, data-driven design",7,Intuitive for someone familiar with graphs and data,6,Comfortable with the technical nature of the chart
Rand10_QPromptV3,GlobalWarming-6,4,"Somewhat memorable, but may be overwhelmed by details",5,Interesting as it relates to global issues affecting families,5,"Appears trustworthy, but may lack context for full understanding",4,Can empathize with long-term environmental concerns,3,Not aesthetically pleasing for non-technical audience,3,May find multiple graphs and axes confusing,3,Slightly uncomfortable due to complexity and implications
Rand10_QPromptV3,GlobalWarming-7,6,Clear trend is memorable,5,Relevant but not novel for tech-savvy person,7,NASA source adds credibility,5,Concerned about climate change,6,Clean design with good color contrast,7,Simple line graph is easy to understand,6,Familiar with such climate data visualizations
Rand10_QPromptV3,GlobalWarming-7,7,Simple visual easy to recall,6,Intriguing historical perspective,6,Trusts NASA as a reputable source,6,Worried about future generations,5,Appreciates simplicity but lacks visual flair,6,Basic graph concept is familiar,5,Slightly overwhelmed by long-term data
Rand10_QPromptV3,GlobalWarming-7,5,Clear but not business-focused,4,Interesting but not directly relevant to business,6,NASA is a trusted organization,4,Neutral as it doesn't relate to business directly,5,Clean design but not particularly striking,6,Easy to grasp the upward trend,5,Not business-related but easy to understand
Rand10_QPromptV3,GlobalWarming-7,7,Simple visual pattern is memorable,7,Exciting to see data over such a long period,7,NASA is highly respected in tech community,6,Concerned about future climate impacts,7,"Appreciates the sleek, modern design",7,Straightforward data representation,7,Familiar with similar charts from coding projects
Rand10_QPromptV3,GlobalWarming-7,6,Clear trend is easy to remember,5,Interesting but not directly related to parenting,6,NASA is a trusted source,7,Worried about children's future,6,Clean and simple design,5,Concept is clear but scale might be confusing,5,Concerned about implications but chart is straightforward
Rand10_QPromptV3,GlobalWarming-8,6,The chart's clear timeline makes it memorable,5,The data is relevant but presentation is standard,6,The source and data appear credible,5,The environmental impact resonates with tech-aware millennials,6,The color scheme and layout are visually appealing,6,The stacked area chart effectively shows trends over time,5,The chart is informative but may be overwhelming in detail
Rand10_QPromptV3,GlobalWarming-8,5,The historical perspective aids memory but details may be overwhelming,4,The topic is important but presentation is conventional,5,The long-term data suggests reliability,4,May relate to changes observed over their lifetime,5,The color contrast is pleasing but text could be larger,4,The concept is clear but some elements may be confusing,4,The information is valuable but may feel complex
Rand10_QPromptV3,GlobalWarming-8,4,The overall trend is memorable but specific details less so,4,The topic is relevant to business but not uniquely engaging,5,The comprehensive timeline suggests trustworthiness,3,May not directly relate to small business concerns,5,The design is professional and clean,5,The increasing trend is clear and intuitive,4,The global scale may feel distant from local business concerns
Rand10_QPromptV3,GlobalWarming-8,6,The visual representation of data aligns with coding interests,6,The global data and color-coding are engaging for a tech-savvy student,5,The detailed breakdown by country/region adds credibility,4,May not personally relate to historical emissions data,7,The color scheme and data visualization are aesthetically pleasing,6,The stacked area chart effectively shows proportions and growth,5,The chart is informative but may be complex for a high school student
Rand10_QPromptV3,GlobalWarming-8,4,The overall trend is clear but specific details may be forgettable,3,The topic is important but may not align with immediate parental concerns,5,The long-term data and clear sourcing appear trustworthy,3,May not directly relate to parenting or online safety issues,5,The color scheme is pleasant and not overwhelming,4,The increasing trend is clear but some details may be confusing,4,The information is valuable but may feel disconnected from daily life
Rand10_QPromptV3,GlobalWarming-9,6,Easy to recall key points,7,Engaging visualization of global data,6,Reputable source (BBC) cited,5,Relates to tech industry's global impact,6,Visually appealing color scheme and layout,6,Intuitive use of size and position,6,Familiar with similar data visualizations
Rand10_QPromptV3,GlobalWarming-9,5,Clear title and legend aid memory,6,Colorful and informative presentation,7,Trusted news source (BBC),4,Limited personal connection to global cities,5,Attractive use of colors for continents,5,Requires some analysis to fully grasp,5,Appreciates the educational value
Rand10_QPromptV3,GlobalWarming-9,5,Key cities and trends are memorable,6,Relevant to global business landscape,6,Data from credible source (Verisk Maplecroft),6,Useful for understanding market growth areas,5,Clean and professional design,4,May require time to interpret fully,5,Valuable for business planning
Rand10_QPromptV3,GlobalWarming-9,7,Visually striking and memorable,7,Exciting representation of global data,5,Assumes data accuracy without question,4,Limited personal connection to content,7,Aesthetically pleasing scatter plot design,6,Clear correlation between axes,6,Enjoys exploring the data points
Rand10_QPromptV3,GlobalWarming-9,5,Main message is clear and memorable,5,Interesting but not directly relevant,6,Trusts BBC as a reliable source,3,Limited personal relevance to daily life,5,Pleasant color scheme and layout,4,Requires some effort to interpret,4,Somewhat overwhelmed by the amount of data
Rand10_QPromptV3,GlobalWarming-10,6,The map's clear color coding is memorable,7,The climate change topic is highly relevant to tech trends,6,The data source is credible,5,The tech-savvy millennial may relate to climate concerns,6,The color gradient is visually appealing,7,The map format is intuitive for geographic data,6,The familiar map layout feels comfortable
Rand10_QPromptV3,GlobalWarming-10,5,The color-coded map is fairly easy to recall,6,The climate change topic is intriguing for a curious retiree,7,The European Investment Bank source seems trustworthy,6,The retired teacher may empathize with climate education,5,The map design is pleasant but not exceptional,6,The color legend makes interpretation straightforward,5,The familiar map format is reasonably comfortable
Rand10_QPromptV3,GlobalWarming-10,4,The map is somewhat memorable but not exceptional,5,Climate change impact on business makes it interesting,6,The official source lends credibility,4,May empathize moderately depending on business location,5,The design is adequate for business purposes,5,The color-coded regions are fairly intuitive,5,The standard map format feels comfortable for business use
Rand10_QPromptV3,GlobalWarming-10,7,The vibrant color scheme makes it highly memorable,6,Climate data visualization aligns with coding interests,5,May question data collection methods,4,Empathy depends on personal climate change views,7,The gradient colors are visually striking,6,The map format is intuitive for geographic data,6,The digital format feels natural to a tech-savvy student
Rand10_QPromptV3,GlobalWarming-10,5,The color-coded map is moderately memorable,6,Climate change relevance to family safety is interesting,6,The European institution source seems reliable,7,Strong empathy due to concern for children's future,5,The design is pleasant but not exceptional,6,The color legend aids easy interpretation,5,The familiar map format feels reasonably comfortable
Rand10_QPromptV3,GlobalWarming-11,6,"The chart uses simple icons, making it easy to remember",7,The comparison of climate events over time is intriguing for a tech-savvy person,6,The data presentation seems credible and well-organized,5,The topic is relevant but not personally relatable,7,The color scheme and icon design are visually appealing,6,The use of icons makes the information easy to grasp,6,The familiar topic and clear presentation make it comfortable to view
Rand10_QPromptV3,GlobalWarming-11,5,"The icons help in remembering, but the data might be overwhelming",6,The historical comparison would be interesting to a retired teacher,5,"The chart appears reliable, but they might question the source",4,They may relate to some events but not all,6,The color coding and icons are visually pleasing,5,"The concept is clear, but they might need time to process all information",5,"The familiar topics make it somewhat comfortable, but the data might be concerning"
Rand10_QPromptV3,GlobalWarming-11,5,"The icons are memorable, but the data complexity might be challenging",6,The trend information could be valuable for business planning,5,"The presentation seems professional, but they might want more context",6,They may relate this to potential business impacts,6,The clean design and color coding are aesthetically pleasing,5,"The icons help, but the data interpretation might require effort",5,The relevance to business planning makes it moderately comfortable
Rand10_QPromptV3,GlobalWarming-11,7,The visual representation makes it highly memorable for a tech-savvy student,7,The data visualization would be fascinating for someone interested in coding,6,The systematic presentation aligns with their analytical mindset,4,They might find it interesting but not personally relatable yet,7,The design would appeal to their sense of visual coding,7,"The icon-based representation is intuitive for a young, tech-savvy mind",6,The clear data presentation would make them feel at ease
Rand10_QPromptV3,GlobalWarming-11,5,"The icons aid memory, but the data might be overwhelming",5,The topic is important but might not be their primary interest,5,They might trust the presentation but question the implications,5,They could relate this to concerns about their children's future,6,"The clean, colorful design is visually appealing",5,"The icons help, but they might need time to interpret the data",4,The concerning trends might make them slightly uncomfortable
Rand10_QPromptV3,GlobalWarming-12,6,Clear data visualization appeals to tech-savvy mindset,7,Trend analysis of climate change is intriguing for data-oriented person,7,NASA as source lends credibility,6,Concern for future aligns with millennial values,6,Clean design with effective use of color,7,Easy to follow temperature trends over time,6,Familiar with similar charts in tech industry
Rand10_QPromptV3,GlobalWarming-12,7,Simple visual representation aids memory,6,Topic is relevant to current events,7,Reputable source (NASA) increases trust,5,May relate to observed climate changes over lifetime,5,Design is functional but not exceptionally artistic,6,Clear labeling and color coding aids understanding,5,Familiar chart type from teaching career
Rand10_QPromptV3,GlobalWarming-12,5,Straightforward presentation of data,6,Relevant to business planning and risk assessment,6,"Credible source, but may seek more business-focused data",4,Limited direct connection to small business operations,5,Professional appearance suitable for business context,5,Requires some analysis to extract business insights,5,"Neutral feeling, sees it as informative but not personally engaging"
Rand10_QPromptV3,GlobalWarming-12,7,Clear data visualization appeals to coding mindset,7,"Climate change data is engaging for young, tech-savvy audience",6,"Trusts NASA, but may question data processing",5,May feel concerned about future implications,7,"Appreciates clean, modern design",6,Logical presentation of data over time,6,Familiar with similar charts from coding projects
Rand10_QPromptV3,GlobalWarming-12,6,Simple enough to understand and remember,5,Interesting but may cause concern for children's future,6,Trusts NASA as a reliable source,6,Worried about impact on family's future,5,Design is clear but not particularly exciting,5,Takes some time to fully grasp the implications,4,May feel uncomfortable due to concerning trend
Rand10_QPromptV3,HousePrice-1,6,Easily traceable trend,7,Colorful and informative,6,Data seems comprehensive,5,Relevant to financial interests,6,Visually appealing rainbow design,7,Clear price ranges over time,6,Familiar with such economic charts
Rand10_QPromptV3,HousePrice-1,5,Trend is clear but details may be overwhelming,6,Colorful presentation catches attention,5,Appears official but source unclear,4,Limited personal connection to UK market,7,Rainbow design is attractive,5,Takes time to fully understand,4,Slightly complex for non-experts
Rand10_QPromptV3,HousePrice-1,7,Clear visualization of market trends,6,Relevant to business interests,6,Seems based on reliable data,6,Useful for understanding market dynamics,5,Functional more than artistic,6,Price ranges clearly defined,5,Informative but slightly overwhelming
Rand10_QPromptV3,HousePrice-1,7,Easy to follow price trends,7,Colorful and data-rich,5,Looks official but no clear source,4,Limited personal relevance,7,Visually striking design,6,Price categories are intuitive,5,Interesting but not personally relatable
Rand10_QPromptV3,HousePrice-1,5,Long-term trend visible but details complex,5,Colorful but potentially overwhelming,5,Appears official but source not cited,4,Limited personal connection to topic,6,Visually appealing color scheme,4,Takes time to interpret fully,4,Informative but not immediately relevant
Rand10_QPromptV3,HousePrice-2,6,Easy to recall key trends,5,Presents interesting housing market comparisons,6,Uses official data and clear labeling,4,Limited personal connection to all cities,5,Clean design but could be more visually appealing,6,Clear layout and labeling,5,"Familiar chart type, but some complexity"
Rand10_QPromptV3,HousePrice-2,5,Simple design aids memory,4,Moderately interesting topic,5,Appears to use reliable data sources,3,May not relate closely to personal experience,4,Basic design is clear but not striking,5,Time periods and cities clearly presented,4,May require some time to fully understand
Rand10_QPromptV3,HousePrice-2,6,Key information easily retained,6,Relevant for market trends analysis,5,Seems to use credible economic data,5,Could relate to business expansion plans,4,Functional but not aesthetically remarkable,5,City comparisons are straightforward,5,Provides useful market insights
Rand10_QPromptV3,HousePrice-2,5,Basic chart structure is memorable,6,Intriguing international comparison,5,Appears to use official statistics,3,May not personally relate to housing markets,6,"Appreciates the clean, structured design",6,Easy to understand data representation,5,Familiar with similar charts in coding
Rand10_QPromptV3,HousePrice-2,4,May find some details hard to recall,3,Not directly related to primary interests,5,Looks like a reputable source of information,2,Limited personal connection to content,4,Simple design but not particularly engaging,4,May need time to interpret fully,3,Content not closely aligned with needs
Rand10_QPromptV3,HousePrice-3,6,Clear data visualization aids memory retention,7,Diverse global data appeals to tech-savvy interests,6,Reputable sources increase trustworthiness,5,Relevant to global economic trends,6,"Clean, professional design is visually appealing",6,Logical layout and color coding enhance intuitiveness,6,Familiar chart type for tech industry professional
Rand10_QPromptV3,HousePrice-3,5,"Simple layout helps retention, but data might be overwhelming",6,Interesting global perspective on housing markets,5,"Credible sources, but may need more context",4,Limited personal connection to international markets,5,"Clean design, but could be more visually engaging",4,May require some explanation for full comprehension,5,"Familiar graph type, but complex data might be challenging"
Rand10_QPromptV3,HousePrice-3,4,Complex data may be difficult to remember fully,5,"Relevant to business interests, but not directly applicable",6,Reputable sources increase confidence in data,3,Limited direct relevance to small business operations,5,"Professional appearance, but could be more engaging",5,"Clear organization, but may require some analysis",4,"Informative, but not directly related to daily business concerns"
Rand10_QPromptV3,HousePrice-3,7,Clear visual representation aids memory,7,Complex data patterns appeal to coding interests,5,"Credible sources, but may lack context for full trust",4,Limited personal connection to housing markets,6,"Clean, modern design is aesthetically pleasing",6,Logical layout and color coding enhance understanding,5,"Familiar chart type, but complex data may be challenging"
Rand10_QPromptV3,HousePrice-3,4,Complex data may be difficult to remember,5,"Interesting global perspective, but not directly relevant",5,"Reputable sources, but may need more explanation",3,Limited personal connection to international housing markets,5,"Clean design, but could be more visually engaging",4,May require additional context for full comprehension,4,"Informative, but not directly related to parenting concerns"
Rand10_QPromptV3,HousePrice-4,6,"The chart's format is familiar to tech-savvy individuals, making it easily memorable.",7,"The data visualization effectively shows housing market trends, which is intriguing for a millennial in IT.",7,The source being the Bank of Canada lends high credibility to the chart.,6,"As a millennial likely interested in housing markets, they can relate to the information presented.",6,The color scheme and layout are visually appealing and modern.,7,The heatmap format makes it intuitive to understand price trends across cities and time.,6,The familiar format and relevant content make it comfortable to interpret.
Rand10_QPromptV3,HousePrice-4,5,"The chart's structure is clear, but the retired teacher might need more time to fully grasp it.",6,The historical data on housing markets could be fascinating for someone interested in societal trends.,7,The Bank of Canada as the source would be highly trusted by this demographic.,5,"They may empathize with the data, especially if they've owned a home or followed housing markets.",5,"The color scheme is pleasing, but they might prefer more traditional graph types.",5,"While logical, they might need some time to fully understand the heatmap concept.",5,"The content is relevant, but the format might be slightly outside their comfort zone."
Rand10_QPromptV3,HousePrice-4,6,The chart's layout makes it memorable for tracking market trends relevant to their business.,7,"As a business owner, they'd find the housing market trends across different cities very interesting.",7,The Bank of Canada source would be seen as highly reliable for business decisions.,7,They can strongly relate to economic indicators that might affect their business environment.,6,The professional look of the chart would appeal to their business sensibilities.,6,"The color-coding system is intuitive, but they might need a moment to fully grasp all details.",7,The relevant economic data presented in a clear format would make them feel comfortable.
Rand10_QPromptV3,HousePrice-4,7,"The chart's design aligns with data visualization concepts they might be learning, making it memorable.",6,The concept of using colors to represent data could be intriguing from a coding perspective.,6,"They might recognize the credibility of the source, but may not fully appreciate its significance.",4,"As a high school student, they might not strongly relate to housing market trends yet.",7,"The modern, color-coded design would likely appeal to their aesthetic sense.",7,The visual representation of data would align well with their interest in coding and data structures.,5,"While they can understand the chart, the topic might not be entirely comfortable for them."
Rand10_QPromptV3,HousePrice-4,5,"The chart's layout is clear, but the topic might not be a primary focus, affecting memorability.",5,"While not directly related to online safety, the economic trends could be of general interest.",7,"As a parent seeking reliable information, they would trust the Bank of Canada as a source.",6,"They may empathize with the data, especially if considering future housing for their family.",6,The clean design and color scheme would likely be visually appealing.,6,"The color-coding makes the trends easy to understand, even for those not focused on economics.",5,"While clear, the topic might be slightly outside their immediate area of concern."
Rand10_QPromptV3,HousePrice-5,6,Clear visual representation of housing trends,7,Dramatic price changes capture attention,6,Data from reputable source (S&P CoreLogic),5,Relevant to those interested in real estate market,6,Clean design with effective use of color,7,Easy to understand price fluctuations over time,6,Familiar with such economic charts
Rand10_QPromptV3,HousePrice-5,5,Simple enough to recall main trends,6,Intriguing historical perspective on housing market,5,Assumes data is accurate but may question methodology,4,May relate to personal experiences with housing prices,5,Appreciates clear labeling and color use,6,Graph structure is familiar and easy to follow,5,Might find the economic implications concerning
Rand10_QPromptV3,HousePrice-5,7,Clearly shows long-term market trends,7,Highly relevant for business planning,6,Trusts well-known index but may want more context,6,Directly impacts business decisions and strategy,5,Functional design but could be more visually appealing,6,Price changes and bubbles are clearly illustrated,6,Valuable information for business operations
Rand10_QPromptV3,HousePrice-5,5,Basic chart design is memorable,6,Dramatic price changes are attention-grabbing,5,May question data source and calculation methods,3,Limited personal experience with housing market,6,"Appreciates clean, modern design",7,Clear visualization of data trends over time,5,Interesting but may not feel personally relevant
Rand10_QPromptV3,HousePrice-5,5,Simple enough to recall major trends,5,Interesting but may not be directly relevant,5,Trusts the source but may want more explanation,4,Limited personal connection to housing market data,6,Clean design with clear labeling,5,Graph concept is familiar but economic terms may not be,4,May find the implications of price changes concerning
Rand10_QPromptV3,HousePrice-6,6,The map format is memorable for a tech-savvy person,7,The pandemic's impact on housing prices is intriguing,6,Data from an official source increases trustworthiness,5,May relate to personal housing experiences,6,The color scheme and layout are visually appealing,7,The map format is intuitive for geographical data,6,Familiar with similar data visualizations
Rand10_QPromptV3,HousePrice-6,5,The color-coded map is fairly easy to remember,6,The comparison between years is interesting,7,Official source increases credibility,4,May have limited personal connection to Tokyo housing,5,The design is clear but not exceptionally artistic,6,The legend helps make the chart intuitive,5,The information is clear but may feel somewhat distant
Rand10_QPromptV3,HousePrice-6,7,The geographical representation is highly memorable,7,Relevant to business interests in online presence,6,Government data source adds credibility,6,May relate to business location decisions,5,Functional design but not particularly artistic,6,Easy to understand the price changes across regions,6,The information is relevant and presented clearly
Rand10_QPromptV3,HousePrice-6,6,The map format is engaging and memorable,7,The pandemic's effect on housing is intriguing,5,May question the data collection methods,4,Limited personal experience with housing markets,7,Appreciates the visual design and color scheme,7,The legend and color coding make it easy to interpret,6,The chart is clear and relatable to learned concepts
Rand10_QPromptV3,HousePrice-6,5,The color-coded map is somewhat memorable,5,Interesting but not directly related to online safety,6,Official source increases trustworthiness,4,Limited personal connection to Tokyo housing market,5,The design is clear but not exceptionally artistic,6,The legend helps in understanding the data,5,The information is clear but not particularly relevant
Rand10_QPromptV3,HousePrice-7,6,Clear and concise data presentation,5,Relevant to global trends but not groundbreaking,7,Data from reputable source,4,Limited personal connection to global housing market,6,Clean design with good use of color,7,Easy to understand bar chart format,6,Familiar with this type of data visualization
Rand10_QPromptV3,HousePrice-7,7,Simple layout makes it easy to recall information,6,Intriguing to see global housing trends,6,Appears to be from a credible source,5,"Can relate to housing concerns, even if not all countries",5,Design is functional but not particularly artistic,6,Straightforward presentation of data,5,"Comfortable with the information, though some countries unfamiliar"
Rand10_QPromptV3,HousePrice-7,5,"Basic design, but information density could be improved",6,Relevant to business interests in property market,7,Reputable source increases trustworthiness,6,Can relate to economic implications for business,5,Functional design but lacks creativity,6,Easy to compare countries at a glance,6,Useful information presented in a familiar format
Rand10_QPromptV3,HousePrice-7,5,"Simple design, but could be more interactive",7,Interesting to see global economic trends,6,"Credible source, but would prefer more recent data",3,Limited personal connection to housing markets,4,"Basic design, could be more visually appealing",7,Clear and easy to understand data representation,5,"Comfortable with the chart, but would prefer more dynamic elements"
Rand10_QPromptV3,HousePrice-7,6,Easy to remember key information,5,"Interesting, but not directly relevant to daily life",6,Appears to be from a reliable source,4,Limited personal connection to global housing trends,5,"Clean design, but could be more engaging",6,Easy to understand the comparison between countries,5,"Comfortable with the information, though some countries unfamiliar"
Rand10_QPromptV3,HousePrice-8,6,Clear data visualization aids memory,5,Relevant to market trends but not groundbreaking,7,Data from reputable source (Eurostat),5,Relevant to financial interests,6,Clean design with effective color coding,7,Easy to understand bar chart and map,6,Familiar with this type of data presentation
Rand10_QPromptV3,HousePrice-8,5,Simple layout helps retention,6,Intriguing to see European housing trends,6,"Credible source, but may question methodology",4,Limited personal connection to many countries,5,"Neat presentation, but colors could be more distinct",6,Straightforward bar chart and map combination,5,Appreciates clarity but may find some aspects complex
Rand10_QPromptV3,HousePrice-8,4,"Focused on business, may not prioritize memorizing",6,Relevant for market analysis and potential expansion,6,Trusts official data but may want more context,5,Considers impact on business opportunities,5,"Professional look, but could be more engaging",5,"Clear, but may prefer more business-specific insights",5,"Neutral, as it's not directly related to their business"
Rand10_QPromptV3,HousePrice-8,7,Visual representation aids memory for tech-savvy youth,7,Enjoys exploring data patterns and variations,5,Trusts data but may question collection methods,3,Limited personal connection to housing markets,7,"Appreciates clean, modern design",6,Familiar with data visualization techniques,6,Comfortable with digital representations of data
Rand10_QPromptV3,HousePrice-8,4,May find it hard to remember all countries' data,5,Interesting but not directly relevant to daily life,6,Assumes official statistics are reliable,3,Limited personal connection to housing market data,5,Clean design but could be more visually appealing,5,"Basic chart is clear, but map might be confusing",4,Might feel overwhelmed by the amount of information
Rand10_QPromptV3,HousePrice-9,6,Easy to recall due to clear timeline and key events,7,Highly relevant to tech industry trends and economic impacts,6,Data from reputable sources increases trustworthiness,5,"Relates to housing market, but may not fully empathize",6,Clean design with effective use of color and scale,7,Logical presentation of data over time,6,"Familiar with economic charts, feels at ease"
Rand10_QPromptV3,HousePrice-9,5,"Historical context aids memory, but may find log scale challenging",6,Intriguing historical perspective on housing prices,7,Credible sources and detailed information increase trust,4,"May relate to some historical events, but not fully",5,"Appreciates the clear layout, but might find it a bit complex",5,"Understandable overall, but some elements may be confusing",5,Interested but slightly overwhelmed by the information
Rand10_QPromptV3,HousePrice-9,7,Clear visualization of long-term trends useful for business planning,6,Relevant to understanding economic cycles affecting small businesses,6,"Reputable sources, but may question how it applies to local market",6,Can relate to housing market impacts on business environment,5,"Functional design, but could be more visually appealing",6,Easy to follow overall trends and significant events,6,Finds the information valuable for business context
Rand10_QPromptV3,HousePrice-9,5,"Interesting data, but may struggle with some historical context",7,Fascinated by the use of log scale and data visualization,5,"Trusts the data sources, but may lack background to fully evaluate",3,May not personally relate to long-term housing trends,7,Appreciates the technical aspects of the chart design,6,Grasps the concept of comparing indices over time,5,"Intrigued by the chart, but some aspects may be unfamiliar"
Rand10_QPromptV3,HousePrice-9,4,May find the long timeframe and technical terms challenging to remember,5,Interested in how housing trends might affect family finances,6,"Recognizes credible sources, increasing trust in the information",5,Can relate to recent housing trends that impact family decisions,5,"Appreciates clear labeling, but may find the design a bit busy",4,"Grasps general trends, but some details may be confusing",5,"Finds the information relevant, but slightly overwhelming"
Rand10_QPromptV3,HousePrice-10,6,The chart's clear timeline makes it easy to remember,5,The fluctuations in house prices are intriguing,6,The data seems reliable and well-presented,5,"As a millennial, housing prices are relatable",6,The color scheme and layout are visually appealing,7,The graph is easy to understand at a glance,6,The familiar topic and clear presentation are comfortable
Rand10_QPromptV3,HousePrice-10,5,"The overall trend is memorable, but details may be harder to recall",6,The dramatic changes in house prices are quite interesting,5,"The chart appears credible, but source information would help",4,May relate to past experiences with housing market,5,The design is clean and professional,6,The line graph format is familiar and easy to interpret,5,The information is presented in a straightforward manner
Rand10_QPromptV3,HousePrice-10,7,The chart's relevance to business makes it highly memorable,7,Price fluctuations are crucial for business planning,6,The data seems reliable for business decision-making,6,Housing market directly impacts small business operations,5,The design is functional but not exceptionally creative,6,The timeline and percentage change are clearly presented,6,The information is relevant and easy to process
Rand10_QPromptV3,HousePrice-10,5,"The overall trend is clear, but specific data points may be forgotten",6,The volatile nature of the housing market is intriguing,5,"The chart seems trustworthy, but lacks source citation",3,May have limited personal experience with housing markets,7,The sleek design and color choice are visually appealing,7,The line graph format is intuitive and easy to read,5,The topic may feel somewhat distant from personal experience
Rand10_QPromptV3,HousePrice-10,6,The chart's relevance to family finances makes it memorable,5,The housing market's volatility is concerning but interesting,5,"The data seems reliable, but source information would be helpful",6,Housing prices directly impact family financial decisions,5,The design is clear but not particularly exciting,6,The percentage change over time is easy to understand,5,The information is relevant but may cause some anxiety
Rand10_QPromptV3,HousePrice-11,6,The chart's design makes it memorable for a tech-savvy millennial.,7,The historical context and data visualization would be intriguing for someone in IT.,6,The chart appears credible with cited sources and clear data presentation.,5,"As a millennial, they may relate to recent housing market trends.",7,The infographic design is visually appealing and modern.,6,The house-shaped graph and timeline make it intuitive to understand.,6,The familiar topic and clear presentation would likely make them comfortable.
Rand10_QPromptV3,HousePrice-11,5,"The chart's visual elements make it somewhat memorable, but may be complex for a retiree.",6,The historical context would be interesting to a former teacher.,7,The cited sources and clear data presentation would appeal to an educator's sense of credibility.,4,They may empathize with earlier data points but feel less connected to recent trends.,5,"The design is pleasing, but might be a bit busy for their taste.",5,"The concept is intuitive, but the amount of information might be overwhelming.",5,"The familiar topic would be comfortable, but the complexity might be slightly intimidating."
Rand10_QPromptV3,HousePrice-11,5,"The chart is memorable, but the business owner might focus more on practical applications.",6,The housing market trends could be interesting for potential business implications.,6,The data sources and presentation lend credibility to the information.,6,"As a property owner, they may empathize with the housing cost trends.",6,The infographic design is aesthetically pleasing and professional.,5,"The overall concept is intuitive, but some details might require closer examination.",5,"The topic is relevant, but the depth of information might be slightly overwhelming."
Rand10_QPromptV3,HousePrice-11,7,The creative infographic design would be highly memorable for a coding enthusiast.,7,The data visualization would be fascinating for someone interested in web development.,5,"They might question the data sources, being tech-savvy but young.",3,"As a high school student, they might not strongly empathize with housing costs yet.",7,The graphic design elements would be very appealing to a young coder.,6,The visual representation of data would be intuitive for someone with coding interest.,5,"The topic might not be directly relevant, but the presentation would be engaging."
Rand10_QPromptV3,HousePrice-11,5,"The chart is somewhat memorable, but housing costs might not be a primary focus.",5,"The historical context could be interesting, but not directly related to their main concerns.",6,The clear presentation and cited sources would appeal to someone seeking reliable information.,4,They might empathize with recent trends if considering future housing needs.,6,The clean design and use of colors would be visually pleasing.,5,"The overall concept is intuitive, but some economic terms might be unfamiliar.",5,"The topic is relevant to family life, but not directly related to their primary interests."
Rand10_QPromptV3,HousePrice-12,6,Clear visual memory aids,7,Relevant to millennial housing concerns,6,Data from reputable source,7,Directly relates to their generation's struggles,6,Clean design with effective use of color,7,Easy to follow timeline and visuals,6,Informative but potentially discouraging for homeownership
Rand10_QPromptV3,HousePrice-12,5,Simple timeline helps retention,6,Historical context is engaging,7,Cites Federal Reserve data,5,May relate to past homebuying experiences,6,Visually appealing and clear,5,Some economic concepts may be challenging,4,Information may be concerning for younger generations
Rand10_QPromptV3,HousePrice-12,7,Clear visual representation of trend,6,Relevant to business environment,7,Credible source and data presentation,6,Reflects economic challenges faced by customers,5,Professional and clean design,6,Timeline and icons aid understanding,5,Information is valuable but potentially worrying
Rand10_QPromptV3,HousePrice-12,6,Effective use of visual elements,7,Engaging design for tech-savvy youth,5,May question data interpretation,4,Limited personal experience with housing market,7,Visually striking and modern,6,Clear progression of data over time,5,Informative but may feel distant from current situation
Rand10_QPromptV3,HousePrice-12,5,Key points are highlighted well,5,Topic may be of moderate interest,6,Reputable source increases trust,6,Relevant to family financial planning,5,Clean but not particularly exciting design,6,Timeline and icons aid comprehension,4,Information may cause concern about future housing
